Key,Russian,English,Czech,PortugueseBrazilian,Spanish,Polska,SimplifiedChinese,TraditionalChinese,Japanese,Korean,Deutsch,French,Italiana,Turkish,Hungarian,Ukrainian,Vietnamese
f_name.gwelts.1,Ада,Ada,,Ada,,,,,,,,,,,,Ада,An Nhi
f_name.gwelts.2,Адела,Adela,,Adela,,,,,,,,,,,,Адела,Ánh Ngọc
f_name.gwelts.3,Айла,Aila,,Aila,,,,,,,,,,,,Айла,Anh Thư
f_name.gwelts.4,Альба,Alba,,Alba,,,,,,,,,,,,Альба,Ái Phương
f_name.gwelts.5,Альма,Alma,,Alma,,,,,,,,,,,,Альма,An Mai
f_name.gwelts.6,Альва,Alva,,Alva,,,,,,,,,,,,Альва,Anh Đào
f_name.gwelts.7,Аста,Asta,,Asta,,,,,,,,,,,,Аста,An Hòa
f_name.gwelts.8,Ава,Ava,,Ava,,,,,,,,,,,,Ейва,Ánh Tuyết
f_name.gwelts.9,Беата,Beata,,Beata,,,,,,,,,,,,Біата,An Khuê
f_name.gwelts.10,Берта,Berta,,Berta,,,,,,,,,,,,Берта,Anh Ngân
f_name.gwelts.11,Дагма,Dagma,,Dagma,,,,,,,,,,,,Даґма,An Bích
f_name.gwelts.12,Эда,Eda,,Eda,,,,,,,,,,,,Іда,Ái Linh
f_name.gwelts.13,Эдда,Edda,,Edda,,,,,,,,,,,,Едда,Anh Dung
f_name.gwelts.14,Эльза,Elsa,,Elsa,,,,,,,,,,,,Ельза,Ánh Vân
f_name.gwelts.15,Эльва,Elva,,Elva,,,,,,,,,,,,Ельва,An Thanh
f_name.gwelts.16,Фрида,Frida,,Frida,,,,,,,,,,,,Фріда,Anh Chi
f_name.gwelts.17,Герта,Gerta,,Gerta,,,,,,,,,,,,Ґерта,An Quỳnh
f_name.gwelts.18,Гисла,Gisla,,Gisla,,,,,,,,,,,,Ґізла,Ánh Hồng
f_name.gwelts.19,Хелла,Hella,,Hella,,,,,,,,,,,,Гелла,An Lê
f_name.gwelts.20,Хильда,Hilda,,Hilda,,,,,,,,,,,,Гільда,Ái Nhi
f_name.gwelts.21,Инга,Inga,,Inga,,,,,,,,,,,,Інґа,An Tâm
f_name.gwelts.22,Лене,Lene,,Lene,,,,,,,,,,,,Лене,Anh Hoàng
f_name.gwelts.23,Мен,Mina,,Mina,,,,,,,,,,,,Міна,Ánh Lan
f_name.gwelts.24,Несса,Nessa,,Nessa,,,,,,,,,,,,Несса,An Đan
f_name.gwelts.25,Ния,Nia,,Nia,,,,,,,,,,,,Ніа,Anh Thảo
f_name.gwelts.26,Рагна,Ragna,,Ragna,,,,,,,,,,,,Раґна,An Thảo
f_name.gwelts.27,Сельма,Selma,,Selma,,,,,,,,,,,,Сельма,Ánh Mơ
f_name.gwelts.28,Сента,Senta,,Senta,,,,,,,,,,,,Сента,An Ngọc
f_name.gwelts.29,Тильда,Tilda,,Tilda,,,,,,,,,,,,Тільда,Ái Đào
f_name.gwelts.30,Улла,Ulla,,Ulla,,,,,,,,,,,,Улла,An Ly
f_name.gwelts.31,Адина,Adina,,Adina,,,,,,,,,,,,Адіна,Anh Hương
f_name.gwelts.32,Агна,Agna,,Agna,,,,,,,,,,,,Аґна,Ánh Thủy
f_name.gwelts.33,Алида,Alida,,Alida,,,,,,,,,,,,Аліда,An Mai
f_name.gwelts.34,Алина,Alina,,Alina,,,,,,,,,,,,Аліна,Anh Hạnh
f_name.gwelts.35,Амма,Amma,,Amma,,,,,,,,,,,,Ама,An Nhiên
f_name.gwelts.36,Анка,Anka,,Anka,,,,,,,,,,,,Анка,Ái Linh
f_name.gwelts.37,Арда,Arda,,Arda,,,,,,,,,,,,Арда,An Cẩm
f_name.gwelts.38,Арна,Arna,,Arna,,,,,,,,,,,,Арна,Anh Phượng
f_name.gwelts.39,Асла,Asla,,Asla,,,,,,,,,,,,Азла,An Bảo
f_name.gwelts.40,Асти,Asti,,Asti,,,,,,,,,,,,Асті,Ánh Nguyệt
f_name.gwelts.41,Одра,Audra,,Audra,,,,,,,,,,,,Аудра,An Như
f_name.gwelts.42,Авела,Avela,,Avela,,,,,,,,,,,,Авела,Anh Vui
f_name.gwelts.43,Бела,Bela,,Bela,,,,,,,,,,,,Белла,An Diệp
f_name.gwelts.44,Бетта,Betta,,Betta,,,,,,,,,,,,Бетта,Ái Vân
f_name.gwelts.45,Бина,Bina,,Bina,,,,,,,,,,,,Біна,Anh Hồng
f_name.gwelts.46,Брина,Brina,,Brina,,,,,,,,,,,,Брінна,An Xuân
f_name.gwelts.47,Брета,Brita,,Brita,,,,,,,,,,,,Бріта,Ánh Liên
f_name.gwelts.48,Кайя,Caja,,Caja,,,,,,,,,,,,Сайя,An Hương
f_name.gwelts.49,Кара,Cara,,Cara,,,,,,,,,,,,Кейра,Anh Liên
f_name.gwelts.50,Цилла,Cilla,,Cilla,,,,,,,,,,,,Кілла,Ái Tuyết
f_name.gwelts.51,Дара,Dara,,Dara,,,,,,,,,,,,Даара,An Quỳnh
f_name.gwelts.52,Делла,Della,,Della,,,,,,,,,,,,Делла,Anh Nghi
f_name.gwelts.53,Дила,Dila,,Dila,,,,,,,,,,,,Ділла,An Khuê
f_name.gwelts.54,Дина,Dina,,Dina,,,,,,,,,,,,Діна,Ái Linh
f_name.gwelts.55,Эйла,Eila,,Eila,,,,,,,,,,,,Ейлла,Anh Đào
f_name.gwelts.56,Эльна,Elna,,Elna,,,,,,,,,,,,Ельна,An Thúy
f_name.gwelts.57,Элси,Elsi,,Elsi,,,,,,,,,,,,Ельзі,Ánh Mộng
f_name.gwelts.58,Эрна,Erna,,Erna,,,,,,,,,,,,Ейрна,An Thư
f_name.gwelts.59,Эста,Esta,,Esta,,,,,,,,,,,,Ейста,Anh Xuân
f_name.gwelts.60,Эула,Eula,,Eula,,,,,,,,,,,,Еола,Ái Duyên
f_name.gwelts.61,Фела,Fela,,Fela,,,,,,,,,,,,Фела,Bích Ngọc
f_name.gwelts.62,Фина,Fina,,Fina,,,,,,,,,,,,Фіна,Bảo Linh
f_name.gwelts.63,Флара,Flara,,Flara,,,,,,,,,,,,Флера,Bình An
f_name.gwelts.64,Фреда,Freda,,Freda,,,,,,,,,,,,Фреда,Bích Thủy
f_name.gwelts.65,Фриа,Fria,,Frida,,,,,,,,,,,,Фріа,Bảo Quyên
f_name.gwelts.66,Фриди,Fridi,,Fridi,,,,,,,,,,,,Фріді,Bích Hạnh
f_name.gwelts.67,Гайла,Gaila,,Gaila,,,,,,,,,,,,Ґайла,Bảo Trâm
f_name.gwelts.68,Гала,Gala,,Gaka,,,,,,,,,,,,Ґала,Bích Diệp
f_name.gwelts.69,Гара,Gara,,Gara,,,,,,,,,,,,Ґарра,Bình Thư
f_name.gwelts.70,Гила,Gila,,Gila,,,,,,,,,,,,Ґілла,Bảo Yến
f_name.gwelts.71,Гитта,Gitta,,Gitta,,,,,,,,,,,,Ґіта,Bích Hồng
f_name.gwelts.72,Хеда,Heda,,Heda,,,,,,,,,,,,Гедда,Bảo Nhi
f_name.gwelts.73,Херта,Herta,,Herta,,,,,,,,,,,,Герра,Bình Phương
f_name.gwelts.74,Хульда,Hulda,,Hulda,,,,,,,,,,,,Гульда,Bích Mai
f_name.gwelts.75,Идуна,Iduna,,Iduna,,,,,,,,,,,,Ідуна,Bảo Châu
f_name.gwelts.76,Илга,Ilga,,Ilga,,,,,,,,,,,,Ілга,Bình Lan
f_name.gwelts.77,Инга,Inga,,Inga,,,,,,,,,,,,Інґа,Bích Lệ
f_name.gwelts.78,Инка,Inka,,Inka,,,,,,,,,,,,Інка,Bảo Ái
f_name.gwelts.79,Ирда,Irda,,Irda,,,,,,,,,,,,Ірда,Bích Dung
f_name.gwelts.80,Ирса,Irsa,,Irsa,,,,,,,,,,,,Ірза,Bình Tuyết
f_name.gwelts.81,Исла,Isla,,Isla,,,,,,,,,,,,Ісла,Bảo Thanh
f_name.gwelts.82,Яна,Jana,,Jana,,,,,,,,,,,,Яна,Bích Thảo
f_name.gwelts.83,Яра,Jara,,Jara,,,,,,,,,,,,Яра,Bảo Ngân
f_name.gwelts.84,Кая,Kaja,,Kaja,,,,,,,,,,,,Кайа,Bình Nhi
f_name.gwelts.85,Кала,Kala,,Kala,,,,,,,,,,,,Кала,Bích Thu
f_name.gwelts.86,Кельда,Kelda,,Kelda,,,,,,,,,,,,Кельда,Bảo Nhiên
f_name.gwelts.87,Кира,Kira,,Kira,,,,,,,,,,,,Кіра,Bình Quỳnh
f_name.gwelts.88,Леда,Leda,,Leda,,,,,,,,,,,,Леда,Bích Minh
f_name.gwelts.89,Ленна,Lenna,,Lenna,,,,,,,,,,,,Ленна,Bảo Hương
f_name.gwelts.90,Лила,Lila,,Lila,,,,,,,,,,,,Ліла,Bình Tâm
f_name.gwelts.91,Лира,Lira,,Lira,,,,,,,,,,,,Ліра,Bích Nguyệt
f_name.gwelts.92,Лона,Lona,,Lona,,,,,,,,,,,,Лона,Bảo Trinh
f_name.gwelts.93,Лотти,Lotti,,Lotti,,,,,,,,,,,,Лотті,Bình Hòa
f_name.gwelts.94,Мада,Mada,,Mada,,,,,,,,,,,,Мада,Bích Lê
f_name.gwelts.95,Майа,Maja,,Maja,,,,,,,,,,,,Майа,Bảo Hân
f_name.gwelts.96,Мальда,Malda,,Malda,,,,,,,,,,,,Мальда,Bình Phúc
f_name.gwelts.97,Марен,Maren,,Maren,,,,,,,,,,,,Марен,Bích Thúy
f_name.gwelts.98,Марла,Marla,,Marla,,,,,,,,,,,,Марла,Bảo Lan
f_name.gwelts.99,Мета,Meta,,Mita,,,,,,,,,,,,Мета,Bình Dung
f_name.gwelts.100,Мила,Mila,,Mila,,,,,,,,,,,,Міла,Bích Đào
f_name.gwelts.101,Мира,Mira,,Mira,,,,,,,,,,,,Міра,Bảo Thư
f_name.gwelts.102,Нара,Nara,,Nara,,,,,,,,,,,,Нара,Bình Ngọc
f_name.gwelts.103,Нельда,Nelda,,Nelda,,,,,,,,,,,,Нельда,Bích Thuận
f_name.gwelts.104,Ника,Nika,,Nika,,,,,,,,,,,,Ніка,Bảo Yến
f_name.gwelts.105,Нила,Nila,,Nila,,,,,,,,,,,,Ніла,Bình Khuê
f_name.gwelts.106,Нона,Nona,,Nona,,,,,,,,,,,,Нона,Bích Vân
f_name.gwelts.107,Нора,Nora,,Nora,,,,,,,,,,,,Нора,Bảo Châu
f_name.gwelts.108,Ольга,Olga,,Olga,,,,,,,,,,,,Ольга,Bình Thảo
f_name.gwelts.109,Орса,Orsa,,Orsa,,,,,,,,,,,,Орса,Bích Hương
f_name.gwelts.110,Остая,Osta,,Osta,,,,,,,,,,,,Оста,Bảo Tuyết
f_name.gwelts.111,Рана,Rana,,Rana,,,,,,,,,,,,Рана,Bình Phương
f_name.gwelts.112,Реба,Reba,,Reba,,,,,,,,,,,,Реба,Bích Như
f_name.gwelts.113,Рена,Rena,,Rena,,,,,,,,,,,,Рена,Bảo Minh
f_name.gwelts.114,Рила,Rila,,Rila,,,,,,,,,,,,Ріла,Bình Đan
f_name.gwelts.115,Рина,Rina,,Rina,,,,,,,,,,,,Ріна,Bích Tâm
f_name.gwelts.116,Рита,Rita,,Rita,,,,,,,,,,,,Ріта,Bảo Xuân
f_name.gwelts.117,Сада,Sada,,Sada,,,,,,,,,,,,Сада,Bình Thúy
f_name.gwelts.118,Сага,Saga,,Saga,,,,,,,,,,,,Саґа,Bích Hòa
f_name.gwelts.119,Сая,Saja,,Saja,,,,,,,,,,,,Сайа,Bảo Diệp
f_name.gwelts.120,Сальма,Salma,,Salma,,,,,,,,,,,,Сальма,Bình Nhu
f_name.gwelts.121,Ильза,Ilsa,,Ilsa,,,,,,,,,,,,Ільса,Cẩm Nhung
f_name.gwelts.122,Ирна,Irna,,Irna,,,,,,,,,,,,Ірна,Cát Tường
f_name.gwelts.123,Анса,Ansa,,Ansa,,,,,,,,,,,,Анса,Cẩm Linh
f_name.gwelts.124,Инна,Inna,,Inna,,,,,,,,,,,,Інна,Cúc Hoa
f_name.gwelts.125,Лотта,Lotta,,Lotta,,,,,,,,,,,,Лотта,Cẩm Tú
f_name.gwelts.126,Вера,Vera,,Vera,,,,,,,,,,,,Веара,Cát Thảo
f_name.gwelts.127,Анка,Anka,,Anka,,,,,,,,,,,,Аніка,Cẩm Vân
f_name.gwelts.128,Эльна,Elna,,Elna,,,,,,,,,,,,Елна,Cúc Tuyết
f_name.gwelts.129,Бетта,Betta,,Betta,,,,,,,,,,,,Бета,Cẩm Ngọc
f_name.gwelts.130,Грета,Greta,,Greta,,,,,,,,,,,,Ґрета,Cát Đào
f_name.gwelts.131,Рета,Reta,,Reta,,,,,,,,,,,,Рета,Cẩm Hạnh
f_name.gwelts.132,Кира,Kira,,Kira,,,,,,,,,,,,Кіра,Cúc Mai
f_name.gwelts.133,Труда,Truda,,Truda,,,,,,,,,,,,Труда,Cẩm Thúy
f_name.gwelts.134,Сильва,Sylva,,Sylva,,,,,,,,,,,,Сільва,Cát Linh
f_name.gwelts.135,Лона,Lona,,Lona,,,,,,,,,,,,Лона,Cẩm Quyên
f_name.gwelts.136,Нелла,Nella,,Nella,,,,,,,,,,,,Нелла,Cúc Thu
f_name.gwelts.137,Орна,Orna,,Orna,,,,,,,,,,,,Орна,Cẩm Hương
f_name.gwelts.138,Пия,Pia,,Pia,,,,,,,,,,,,Піа,Cát Hồng
f_name.gwelts.139,Рена,Rena,,Rena,,,,,,,,,,,,Рена,Cẩm Bích
f_name.gwelts.140,Зельма,Zelma,,Zelma,,,,,,,,,,,,Зельма,Cúc Nhi
f_name.gwelts.141,Альда,Alda,,Alda,,,,,,,,,,,,Альда,Cẩm An
f_name.gwelts.142,Ани,Anni,,Anni,,,,,,,,,,,,Анні,Cát Tuyết
f_name.gwelts.143,Арна,Arna,,Arna,,,,,,,,,,,,Арная,Cẩm Diệp
f_name.gwelts.144,Бина,Bina,,Bina,,,,,,,,,,,,Біна,Cúc Ái
f_name.gwelts.145,Бирга,Birga,,Birga,,,,,,,,,,,,Бірґа,Cẩm Thanh
f_name.gwelts.146,Цилла,Cilla,,Cilla,,,,,,,,,,,,Кілла,Cát Lan
f_name.gwelts.147,Дара,Dara,,Dara,,,,,,,,,,,,Дара,Cẩm Tâm
f_name.gwelts.148,Эбба,Ebba,,Ebba,,,,,,,,,,,,Ебба,Cúc Vân
f_name.gwelts.149,Эйла,Eila,,Eila,,,,,,,,,,,,Ейла,Cẩm Phương
f_name.gwelts.150,Элька,Elka,,Elka,,,,,,,,,,,,Елька,Cát Châu
f_name.gwelts.151,Эльма,Elma,,Elma,,,,,,,,,,,,Ельма,Cẩm Lệ
f_name.gwelts.152,Эрна,Erna,,Erna,,,,,,,,,,,,Ерна,Cúc Đào
f_name.gwelts.153,Фенна,Fenna,,Fenna,,,,,,,,,,,,Фенна,Cẩm Như
f_name.gwelts.154,Гинта,Ginta,,Ginta,,,,,,,,,,,,Ґінта,Cát Bảo
f_name.gwelts.155,Хеда,Heda,,Heda,,,,,,,,,,,,Геда,Cẩm Trinh
f_name.gwelts.156,Херта,Herta,,Herta,,,,,,,,,,,,Герта,Cúc Linh
f_name.gwelts.157,Хесса,Hessa,,Hessa,,,,,,,,,,,,Гесса,Cẩm Thúy
f_name.gwelts.158,Идна,Idna,,Idna,,,,,,,,,,,,Ідена,Cát Vân
f_name.gwelts.159,Илга,Ilga,,Ilga,,,,,,,,,,,,Ільга,Cẩm Đan
f_name.gwelts.160,Инда,Inda,,Inda,,,,,,,,,,,,Інда,Cúc Yến
f_name.gwelts.161,Инка,Inka,,Inka,,,,,,,,,,,,Інка,Cẩm Hòa
f_name.gwelts.162,Янна,Janna,,Janna,,,,,,,,,,,,Янна,Cát Thủy
f_name.gwelts.163,Юла,Jula,,Jula,,,,,,,,,,,,Юла,Cẩm Tuyết
f_name.gwelts.164,Келда,Kelda,,Kelda,,,,,,,,,,,,Кельда,Cúc Trâm
f_name.gwelts.165,Кора,Kora,,Kora,,,,,,,,,,,,Кора,Cẩm Phúc
f_name.gwelts.166,Ланда,Landa,,Landa,,,,,,,,,,,,Ланда,Cát Thư
f_name.gwelts.167,Лейна,Leina,,Leina,,,,,,,,,,,,Лейна,Cẩm Nguyệt
f_name.gwelts.168,Лилия,Lilia,,Lilia,,,,,,,,,,,,Лілія,Cúc Hạnh
f_name.gwelts.169,Лорна,Lorna,,Lorna,,,,,,,,,,,,Лорна,Cẩm Ly
f_name.gwelts.170,Майда,Maida,,Maida,,,,,,,,,,,,Мейда,Cát Thúy
f_name.gwelts.171,Майда,Maida,,Maida,,,,,,,,,,,,Мейда,Cẩm Tường
f_name.gwelts.172,Майда,Maida,,Maida,,,,,,,,,,,,Мейда,Cúc Vui
f_name.gwelts.173,Милда,Milda,,Milda,,,,,,,,,,,,Мільда,Cẩm Minh
f_name.gwelts.174,Мирка,Mirka,,Mirka,,,,,,,,,,,,Мірка,Cát Hạnh
f_name.gwelts.175,Нарда,Narda,,Narda,,,,,,,,,,,,Нарда,Cẩm Dung
f_name.gwelts.176,Нельда,Nelda,,Nelda,,,,,,,,,,,,Нельда,Cúc Hương
f_name.gwelts.177,Нита,Nita,,Nita,,,,,,,,,,,,Ніта,Cẩm Linh
f_name.gwelts.178,Офра,Ofra,,Ofra,,,,,,,,,,,,Офра,Cát Như
f_name.gwelts.179,Олена,Olena,,Olena,,,,,,,,,,,,Олена,Cẩm Nhi
f_name.gwelts.180,Орла,Orla,,Orla,,,,,,,,,,,,Орла,Cúc Ngọc
f_name.gwelts.181,Пелла,Pella,,Pella,,,,,,,,,,,,Пелла,Diệp Nhi
f_name.gwelts.182,Ранда,Randa,,Randa,,,,,,,,,,,,Ранда,Duyên Thảo
f_name.gwelts.183,Реса,Resa,,Resa,,,,,,,,,,,,Реза,Đan Thư
f_name.gwelts.184,Рина,Rina,,Rina,,,,,,,,,,,,Ріна,Diệu Hương
f_name.gwelts.185,Ронда,Ronda,,Ronda,,,,,,,,,,,,Ронда,Dung Nhi
f_name.gwelts.186,Сальма,Salma,,Salma,,,,,,,,,,,,Сальма,Duyên Linh
f_name.gwelts.187,Сарна,Sarna,,Satna,,,,,,,,,,,,Сарна,Đan Ngọc
f_name.gwelts.188,Селия,Selia,,Selia,,,,,,,,,,,,Сілія,Diệu Anh
f_name.gwelts.189,Сина,Sina,,Sina,,,,,,,,,,,,Сіна,Dung Hạnh
f_name.gwelts.190,Сона,Sona,,Sona,,,,,,,,,,,,Сона,Duyên Mai
f_name.gwelts.191,Суна,Suna,,Suna,,,,,,,,,,,,Зуна,Đan Thanh
f_name.gwelts.192,Тала,Tala,,Tala,,,,,,,,,,,,Тала,Diệu Thúy
f_name.gwelts.193,Тама,Tama,,Tama,,,,,,,,,,,,Тама,Dung Thảo
f_name.gwelts.194,Тара,Tara,,Tara,,,,,,,,,,,,Тара,Duyên Tuyết
f_name.gwelts.195,Тезия,Tesia,,Tesia,,,,,,,,,,,,Тесія,Đan Hòa
f_name.gwelts.196,Тора,Thora,,Thora,,,,,,,,,,,,Торра,Diệu Lan
f_name.gwelts.197,Тила,Tila,,Tila,,,,,,,,,,,,Тіла,Dung Tuyết
f_name.gwelts.198,Това,Tova,,Tova,,,,,,,,,,,,Това,Duyên Phương
f_name.gwelts.199,Ульма,Ulma,,Ulma,,,,,,,,,,,,Ульма,Đan Hương
f_name.gwelts.200,Ута,Uta,,Uta,,,,,,,,,,,,Ута,Diệu Vân
f_name.gwelts.201,Вада,Vada,,Vada,,,,,,,,,,,,Влада,Dung Hồng
f_name.gwelts.202,Вала,Vala,,Vala,,,,,,,,,,,,Валла,Duyên Bích
f_name.gwelts.203,Ванда,Vanda,,Vanda,,,,,,,,,,,,Ванда,Đan Diệp
f_name.gwelts.204,Велда,Velda,,Velda,,,,,,,,,,,,Вельда,Diệu Ái
f_name.gwelts.205,Верна,Verna,,Verna,,,,,,,,,,,,Верна,Dung Quỳnh
f_name.gwelts.206,Весна,Vesna,,Vesna,,,,,,,,,,,,Весна,Duyên Ngọc
f_name.gwelts.207,Веста,Vesta,,Vesta,,,,,,,,,,,,Веста,Đan Liên
f_name.gwelts.208,Вига,Viga,,Viga,,,,,,,,,,,,Віґа,Diệu Minh
f_name.gwelts.209,Вина,Vina,,Vina,,,,,,,,,,,,Віна,Dung Thanh
f_name.gwelts.210,Вива,Viva,,Viva,,,,,,,,,,,,Віва,Duyên Hạnh
f_name.gwelts.211,Вила,Wila,,Wila,,,,,,,,,,,,Віла,Đan Lê
f_name.gwelts.212,Вильма,Wilma,,Wilma,,,,,,,,,,,,Вільма,Diệu Yến
f_name.gwelts.213,Зена,Xena,,Xena,,,,,,,,,,,,Ксена,Dung Đào
f_name.gwelts.214,Ильва,Ylva,,Ylva,,,,,,,,,,,,Ілва,Duyên Nhi
f_name.gwelts.215,Ирса,Yrsa,,Yrsa,,,,,,,,,,,,Ірса,Đan Tâm
f_name.gwelts.216,Зара,Zara,,Zara,,,,,,,,,,,,Зарра,Diệu Thu
f_name.gwelts.217,Зелна,Zelna,,Zelna,,,,,,,,,,,,Зельна,Dung Nhu
f_name.gwelts.218,Зила,Zila,,Zila,,,,,,,,,,,,Зіла,Duyên Nguyệt
f_name.gwelts.219,Зина,Zina,,Zina,,,,,,,,,,,,Зіна,Đan Trinh
f_name.gwelts.220,Зора,Zora,,Zora,,,,,,,,,,,,Зоара,Diệu Trâm
f_name.gwelts.221,Зила,Zyla,,Zyla,,,,,,,,,,,,Зайла,Dung Xuân
f_name.gwelts.222,Зыра,Zyra,,Zyra,,,,,,,,,,,,Зайра,Duyên Cẩm
f_name.gwelts.223,Зита,Zyta,,Zyta,,,,,,,,,,,,Зіта,Đan Khuê
f_name.gwelts.224,Зыва,Zyva,,Zyva,,,,,,,,,,,,Зіва,Diệu Thủy
f_name.gwelts.225,Адна,Adna,,Adna,,,,,,,,,,,,Адіна,Dung Phúc
f_name.gwelts.226,Бела,Bela,,Bela,,,,,,,,,,,,Бела,Duyên Như
f_name.gwelts.227,Брина,Brina,,Brina,,,,,,,,,,,,Бріна,Đan Tuyết
f_name.gwelts.228,Карен,Caren,,Caren,,,,,,,,,,,,Керен,Diệu Quỳnh
f_name.gwelts.229,Эдра,Edra,,Edra,,,,,,,,,,,,Ейдра,Dung Vân
f_name.gwelts.230,Эльфа,Elfa,,Elfa,,,,,,,,,,,,Ельфа,Duyên Hòa
f_name.gwelts.231,Фреа,Frea,,Frea,,,,,,,,,,,,Фреа,Đan Mai
f_name.gwelts.232,Ганель,Hanel,,Hanel,,,,,,,,,,,,Аннель,Diệu Thư
f_name.gwelts.233,Йора,Jora,,Jora,,,,,,,,,,,,Йора,Dung Liên
f_name.gwelts.234,Мера,Mera,,Mera,,,,,,,,,,,,Мера,Duyên Tường
f_name.gwelts.235,Нера,Nera,,Nera,,,,,,,,,,,,Нера,Đan Nhung
f_name.gwelts.236,Пола,Pola,,Pola,,,,,,,,,,,,Пола,Diệu Lệ
f_name.gwelts.237,Рика,Rika,,Rika,,,,,,,,,,,,Ріка,Dung Hương
f_name.gwelts.238,Хельма,Helma,,Helma,,,,,,,,,,,,Гельма,Duyên Hồng
f_name.gwelts.239,Херта,Herta,,Herta,,,,,,,,,,,,Герда,Đan Yến
f_name.gwelts.240,Идна,Idna,,Idna,,,,,,,,,,,,Ідна,Diệu Diệp
f_name.gwelts.241,Инка,Inka,,Inka,,,,,,,,,,,,Інка,Elina Mai
f_name.gwelts.242,Йара,Jara,,Jara,,,,,,,,,,,,Яра,Emily Thảo
f_name.gwelts.243,Йора,Jora,,Jora,,,,,,,,,,,,Йора,Emília Quyên
f_name.gwelts.244,Кельда,Kelda,,Kelda,,,,,,,,,,,,Кельда,Elsa Ngọc
f_name.gwelts.245,Кенна,Kenna,,Kenna,,,,,,,,,,,,Кенна,Esme Hạnh
f_name.gwelts.246,Лайма,Laima,,Laima,,,,,,,,,,,,Лайма,Eri Nhi
f_name.gwelts.247,Леда,Leda,,Leda,,,,,,,,,,,,Леда,Eri Thư
f_name.gwelts.248,Лени,Leni,,Leni,,,,,,,,,,,,Лені,Elena Linh
f_name.gwelts.249,Нита,Nita,,Nita,,,,,,,,,,,,Ніта,Eva Diệp
f_name.gwelts.250,Лира,Lira,,Lira,,,,,,,,,,,,Ліра,Eloise Hương
f_name.gwelts.251,Лита,Lita,,Lita,,,,,,,,,,,,Літа,Elise Mai
f_name.gwelts.252,Лива,Liva,,Liva,,,,,,,,,,,,Ліва,Ember Thúy
f_name.gwelts.253,Марга,Marga,,Marga,,,,,,,,,,,,Марґа,Eden Nhi
f_name.gwelts.254,Мета,Meta,,Mita,,,,,,,,,,,,Мета,Emilie Dung
f_name.gwelts.255,Мила,Mila,,Mila,,,,,,,,,,,,Міла,Ethel Tuyết
f_name.gwelts.256,Нанда,Nanda,,Nanda,,,,,,,,,,,,Нанда,Elsa Lan
f_name.gwelts.257,Нельда,Nelda,,Nelda,,,,,,,,,,,,Нельда,Elvira Thanh
f_name.gwelts.258,Нира,Nira,,Nira,,,,,,,,,,,,Ніра,Evie Nguyệt
f_name.gwelts.259,Нита,Nita,,Nita,,,,,,,,,,,,Ніта,Estelle Tâm
f_name.gwelts.260,Орла,Orla,,Orla,,,,,,,,,,,,Орла,Evelyn Vân
f_name.gwelts.261,Отта,Otta,,Otta,,,,,,,,,,,,Отта,Eri Hồng
f_name.gwelts.262,Рада,Rada,,Rada,,,,,,,,,,,,Рада,Eileen Hòa
f_name.gwelts.263,Рима,Rima,,Rima,,,,,,,,,,,,Ріма,Ema Yến
f_name.gwelts.264,Рона,Rona,,Rona,,,,,,,,,,,,Рона,Emie Nhu
f_name.gwelts.265,Рози,Rosi,,Rosi,,,,,,,,,,,,Розі,Estella Hạnh
f_name.gwelts.266,Руна,Runa,,Runa,,,,,,,,,,,,Руна,Eda Nhung
f_name.gwelts.267,Сельда,Selda,,Selda,,,,,,,,,,,,Сельда,Eris Thủy
f_name.gwelts.268,Сира,Sira,,Sira,,,,,,,,,,,,Зіра,Enya Liên
f_name.gwelts.269,Сола,Sola,,Sola,,,,,,,,,,,,Сола,Elina Quyên
f_name.gwelts.270,Стина,Stina,,Stina,,,,,,,,,,,,Стена,Emilia Diệp
f_name.gwelts.271,Свеа,Svea,,Svea,,,,,,,,,,,,Свеа,Elia Mai
f_name.gwelts.272,Тара,Tara,,Tara,,,,,,,,,,,,Тара,Eliana Hương
f_name.gwelts.273,Тесна,Tesna,,Tesna,,,,,,,,,,,,Тесна,Estella Ái
f_name.gwelts.274,Теа,Thea,,Thea,,,,,,,,,,,,Тея,Emina Tuyết
f_name.gwelts.275,Тора,Tora,,Tora,,,,,,,,,,,,Тора,Eliane Vân
f_name.gwelts.276,Вада,Vada,,Vada,,,,,,,,,,,,Вада,Elysia Thúy
f_name.gwelts.277,Веда,Veda,,Veda,,,,,,,,,,,,Веда,Eda Linh
f_name.gwelts.278,Вена,Vena,,Vena,,,,,,,,,,,,Вена,Enid Hồng
f_name.gwelts.279,Вида,Vida,,Vida,,,,,,,,,,,,Віда,Elle Tường
f_name.gwelts.280,Вила,Vila,,Vila,,,,,,,,,,,,Вілла,Ethel Quyên
f_name.gwelts.281,Вива,Viva,,Viva,,,,,,,,,,,,Вівва,Ember Mai
f_name.gwelts.282,Яра,Yara,,Yara,,,,,,,,,,,,Ярра,Eri Thanh
f_name.gwelts.283,Илса,Ylsa,,Ylsa,,,,,,,,,,,,Ільза,Esmé Hương
f_name.gwelts.284,Ильва,Ylva,,Ylva,,,,,,,,,,,,Ільва,Elin Thảo
f_name.gwelts.285,Илса,Zana,,Zana,,,,,,,,,,,,Зана,Elara Ngọc
f_name.gwelts.286,Зена,Zena,,Zena,,,,,,,,,,,,Зена,Ema Tâm
f_name.gwelts.287,Зера,Zera,,Zera,,,,,,,,,,,,Зера,Eira Nhi
f_name.gwelts.288,Зила,Zila,,Zila,,,,,,,,,,,,Зілла,Esme Lệ
f_name.gwelts.289,Илса,Zina,,Zina,,,,,,,,,,,,Зінна,Elena Vui
f_name.gwelts.290,Зора,Zora,,Zora,,,,,,,,,,,,Зорра,Ella Phương
f_name.gwelts.291,Зула,Zula,,Zula,,,,,,,,,,,,Зула,Elia Hòa
f_name.gwelts.292,Зора,Zora,,Zora,,,,,,,,,,,,Зора,Eilis Tuyết
f_name.gwelts.293,Абра,Abra,,Abra,,,,,,,,,,,,Абра,Eula Bích
f_name.gwelts.294,Адна,Adna,,Adna,,,,,,,,,,,,Адна,Elysia Nguyệt
f_name.gwelts.295,Агна,Agna,,Agna,,,,,,,,,,,,Аґна,Emmy Thư
f_name.gwelts.296,Альна,Alna,,Alna,,,,,,,,,,,,Альна,Edna Đan
f_name.gwelts.297,Амма,Amma,,Amma,,,,,,,,,,,,Амма,Esmée Thủy
f_name.gwelts.298,Анда,Anda,,Anda,,,,,,,,,,,,Анда,Eloise Minh
f_name.gwelts.299,Ария,Aria,,Aria,,,,,,,,,,,,Ар'я,Eileen Liên
f_name.gwelts.300,Арла,Arla,,Arla,,,,,,,,,,,,Арла,Elda Hạnh
f_name.gwelts.301,Асна,Asna,,Asna,,,,,,,,,,,,Асна,Giang Thảo
f_name.gwelts.302,Айла,Ayla,,Ayla,,,,,,,,,,,,Аяла,Gia Linh
f_name.gwelts.303,Бела,Bela,,Bela,,,,,,,,,,,,Белана,Giang Quyên
f_name.gwelts.304,Бера,Bera,,Bera,,,,,,,,,,,,Бера,Gia Diệp
f_name.gwelts.305,Бриа,Bria,,Bria,,,,,,,,,,,,Бріа,Giang Hương
f_name.gwelts.306,Брина,Brina,,Brina,,,,,,,,,,,,Брена,Gia Thư
f_name.gwelts.307,Шира,Cira,,Cira,,,,,,,,,,,,Кайра,Giang Nhi
f_name.gwelts.308,Кора,Cora,,Cora,,,,,,,,,,,,Койра,Gia Phương
f_name.gwelts.309,Дана,Dana,,Dana,,,,,,,,,,,,Дана,Giang Bích
f_name.gwelts.310,Кора,Dina,,Dina,,,,,,,,,,,,Діна,Gia Ngọc
f_name.gwelts.311,Дола,Dola,,Dola,,,,,,,,,,,,Дола,Giang Lan
f_name.gwelts.312,Дрина,Drina,,Drina,,,,,,,,,,,,Дріна,Gia Tuyết
f_name.gwelts.313,Эдра,Edra,,Edra,,,,,,,,,,,,Едра,Giang Hạnh
f_name.gwelts.314,Эйра,Eira,,Eira,,,,,,,,,,,,Ейра,Gia Mai
f_name.gwelts.315,Элора,Elora,,Elora,,,,,,,,,,,,Елора,Giang Nhu
f_name.gwelts.316,Кора,Ema,,Ema,,,,,,,,,,,,Ема,Gia Minh
f_name.gwelts.317,Энна,Enna,,Enna,,,,,,,,,,,,Енна,Giang Vân
f_name.gwelts.318,Эрка,Erka,,Erka,,,,,,,,,,,,Ерка,Gia Ái
f_name.gwelts.319,Эсма,Esma,,Esma,,,,,,,,,,,,Езма,Giang Tâm
f_name.gwelts.320,Эста,Esta,,Esta,,,,,,,,,,,,Еста,Gia Liên
f_name.gwelts.321,Этта,Etta,,Etta,,,,,,,,,,,,Етта,Giang Đào
f_name.gwelts.322,Эвна,Evna,,Evna,,,,,,,,,,,,Евна,Gia Trinh
f_name.gwelts.323,Фина,Fina,,Fina,,,,,,,,,,,,Фіна,Giang Hòa
f_name.gwelts.324,Фира,Fira,,Fira,,,,,,,,,,,,Фіра,Gia Quỳnh
f_name.gwelts.325,Фреа,Frea,,Frea,,,,,,,,,,,,Фреа,Giang Yến
f_name.gwelts.326,Гама,Gama,,Gama,,,,,,,,,,,,Ґама,Gia Linh
f_name.gwelts.327,Гара,Gara,,Gara,,,,,,,,,,,,Ґара,Giang Thúy
f_name.gwelts.328,Гила,Gila,,Gila,,,,,,,,,,,,Ґіла,Gia Thanh
f_name.gwelts.329,Джина,Gina,,Gina,,,,,,,,,,,,Ґіна,Giang Đan
f_name.gwelts.330,Гира,Gira,,Gira,,,,,,,,,,,,Ґіра,Gia Nhiên
f_name.gwelts.331,Йona,Gona,,Gona,,,,,,,,,,,,Ґона,Giang Hồng
f_name.gwelts.332,Хала,Hala,,Hala,,,,,,,,,,,,Гала,Gia Cẩm
f_name.gwelts.333,Хара,Hara,,Hara,,,,,,,,,,,,Гара,Giang Xuân
f_name.gwelts.334,Хина,Hina,,Hina,,,,,,,,,,,,Гіна,Gia Bảo
f_name.gwelts.335,Има,Ima,,Ima,,,,,,,,,,,,Іма,Giang Hương
f_name.gwelts.336,Инара,Inara,,Inara,,,,,,,,,,,,Інара,Gia Mơ
f_name.gwelts.337,Инда,Inda,,Inda,,,,,,,,,,,,Інда,Giang Tuyết
f_name.gwelts.338,Иона,Iona,,Iona,,,,,,,,,,,,Іона,Gia Diệp
f_name.gwelts.339,Иора,Iora,,Iora,,,,,,,,,,,,Іора,Giang An
f_name.gwelts.340,Исна,Isna,,Isna,,,,,,,,,,,,Ізна,Gia Hạnh
f_name.gwelts.341,Яна,Jana,,Jana,,,,,,,,,,,,Яна,Giang Tường
f_name.gwelts.342,Яра,Jara,,Jara,,,,,,,,,,,,Яра,Gia Như
f_name.gwelts.343,Йола,Jola,,Jola,,,,,,,,,,,,Йола,Giang Ái
f_name.gwelts.344,Куна,Juna,,Juna,,,,,,,,,,,,Юна,Gia Tâm
f_name.gwelts.345,Кала,Kala,,Kala,,,,,,,,,,,,Кала,Giang Hồng
f_name.gwelts.346,Кара,Kara,,Kara,,,,,,,,,,,,Кара,Gia Tuyết
f_name.gwelts.347,Кина,Kina,,Kina,,,,,,,,,,,,Кіна,Giang Nhi
f_name.gwelts.348,Кира,Kira,,Kira,,,,,,,,,,,,Кіра,Gia Thanh
f_name.gwelts.349,Кора,Kora,,Kora,,,,,,,,,,,,Кора,Giang Liên
f_name.gwelts.350,Лада,Lada,,Lada,,,,,,,,,,,,Лада,Gia Đan
f_name.gwelts.351,Лана,Lana,,Lana,,,,,,,,,,,,Лана,Giang Thu
f_name.gwelts.352,Лара,Lara,,Lara,,,,,,,,,,,,Лара,Gia Nhi
f_name.gwelts.353,Лира,Lira,,Lira,,,,,,,,,,,,Ліра,Giang Hòa
f_name.gwelts.354,Лида,Lida,,Lida,,,,,,,,,,,,Ліда,Gia An
f_name.gwelts.355,Лира,Lira,,Lira,,,,,,,,,,,,Ліра,Giang Linh
f_name.gwelts.356,Лона,Lona,,Lona,,,,,,,,,,,,Лона,Gia Yến
f_name.gwelts.357,Лула,Lula,,Lula,,,,,,,,,,,,Лула,Giang Phúc
f_name.gwelts.358,Лина,Lyna,,Lyna,,,,,,,,,,,,Ліна,Gia Quyên
f_name.gwelts.359,Мала,Mala,,Mala,,,,,,,,,,,,Мала,Giang Tường
f_name.gwelts.360,Мара,Mara,,Mara,,,,,,,,,,,,Мара,Gia Thư
f_name.gwelts.361,Мера,Mera,,Mera,,,,,,,,,,,,Мера,Hương Thảo
f_name.gwelts.362,Мина,Mina,,Mina,,,,,,,,,,,,Міна,Hoa Nhi
f_name.gwelts.363,Мира,Mira,,Mira,,,,,,,,,,,,Міра,Hằng Ngọc
f_name.gwelts.364,Лира,Lira,,Lira,,,,,,,,,,,,Ліра,Hồng Mai
f_name.gwelts.365,Мора,Mora,,Mora,,,,,,,,,,,,Мора,Hiền Linh
f_name.gwelts.366,Нара,Nara,,Nara,,,,,,,,,,,,Нара,Hạnh Quyên
f_name.gwelts.367,Нела,Nela,,Nela,,,,,,,,,,,,Нела,Hương Diệp
f_name.gwelts.368,Ника,Nika,,Nika,,,,,,,,,,,,Ніка,Hà Phương
f_name.gwelts.369,Нола,Nola,,Nola,,,,,,,,,,,,Нола,Hòa Nhi
f_name.gwelts.370,Нора,Nora,,Nora,,,,,,,,,,,,Нора,Hương Tuyết
f_name.gwelts.371,Ода,Oda,,Oda,,,,,,,,,,,,Ода,Hân Thư
f_name.gwelts.372,Офра,Ofra,,Ofra,,,,,,,,,,,,Офра,Hạnh An
f_name.gwelts.373,Ола,Ola,,Ola,,,,,,,,,,,,Ола,Hà Minh
f_name.gwelts.374,Олена,Olena,,Olena,,,,,,,,,,,,Олена,Hồng Lan
f_name.gwelts.375,Ольга,Olga,,Olga,,,,,,,,,,,,Ольга,Hiền Yến
f_name.gwelts.376,Лира,Lira,,Lira,,,,,,,,,,,,Ліра,Hà Diệp
f_name.gwelts.377,Ория,Oria,,Oria,,,,,,,,,,,,Орія,Hương Trinh
f_name.gwelts.378,Орна,Orna,,Orna,,,,,,,,,,,,Орна,Hằng Lệ
f_name.gwelts.379,Палая,Pala,,Pala,,,,,,,,,,,,Пала,Hồng Bích
f_name.gwelts.380,Пина,Pina,,Pina,,,,,,,,,,,,Піна,Hiền Quyên
f_name.gwelts.381,Райна,Raina,,Raina,,,,,,,,,,,,Райна,Hòa Tâm
f_name.gwelts.382,Рала,Rala,,Raja,,,,,,,,,,,,Рала,Hương Linh
f_name.gwelts.383,Рана,Rana,,Rana,,,,,,,,,,,,Рана,Hà Hạnh
f_name.gwelts.384,Рея,Rea,,Rea,,,,,,,,,,,,Рея,Hằng Nguyệt
f_name.gwelts.385,Рена,Rena,,Rena,,,,,,,,,,,,Рена,Hồng Tuyết
f_name.gwelts.386,Рила,Rila,,Rila,,,,,,,,,,,,Ріла,Hiền Tường
f_name.gwelts.387,Рина,Rina,,Rina,,,,,,,,,,,,Ріна,Hạnh Thủy
f_name.gwelts.388,Риса,Risa,,Risa,,,,,,,,,,,,Різа,Hương Thanh
f_name.gwelts.389,Рона,Rona,,Rona,,,,,,,,,,,,Рона,Hà Yến
f_name.gwelts.390,Рула,Rula,,Rula,,,,,,,,,,,,Рула,Hồng Diệp
f_name.gwelts.391,Руна,Runa,,Runa,,,,,,,,,,,,Руна,Hiền Bích
f_name.gwelts.392,Сабайя,Saba,,Saba,,,,,,,,,,,,Саба,Hạnh Quỳnh
f_name.gwelts.393,Сафа,Safa,,Safa,,,,,,,,,,,,Саффа,Hương Hòa
f_name.gwelts.394,Сама,Sama,,Sama,,,,,,,,,,,,Самма,Hà Nhu
f_name.gwelts.395,Сара,Sara,,Sara,,,,,,,,,,,,Сара,Hồng Thư
f_name.gwelts.396,Сена,Sena,,Sena,,,,,,,,,,,,Сена,Hiền Minh
f_name.gwelts.397,Сиа,Sia,,Sia,,,,,,,,,,,,Сіа,Hạnh Linh
f_name.gwelts.398,Сина,Sina,,Sina,,,,,,,,,,,,Сіна,Hương Tường
f_name.gwelts.399,Сира,Sira,,Sira,,,,,,,,,,,,Зірра,Hòa Trinh
f_name.gwelts.400,Сола,Sola,,Sola,,,,,,,,,,,,Сола,Hằng Tâm
f_name.gwelts.401,Сора,Sora,,Sora,,,,,,,,,,,,Сора,Hồng Phúc
f_name.gwelts.402,Сула,Sula,,Sula,,,,,,,,,,,,Сула,Hiền Nhi
f_name.gwelts.403,Сайла,Syla,,Syla,,,,,,,,,,,,Сайла,Hạnh Tuyết
f_name.gwelts.404,Тала,Tala,,Tala,,,,,,,,,,,,Тала,Hà Đan
f_name.gwelts.405,Тама,Tama,,Tama,,,,,,,,,,,,Тама,Hương Mai
f_name.gwelts.406,Тана,Tana,,Tana,,,,,,,,,,,,Тана,Hồng Xuân
f_name.gwelts.407,Тела,Tela,,Tela,,,,,,,,,,,,Тела,Hiền Thúy
f_name.gwelts.408,Тера,Tera,,Tera,,,,,,,,,,,,Тера,Hạnh Hòa
f_name.gwelts.409,Теза,Tesa,,Tesa,,,,,,,,,,,,Тесса,Hà Thủy
f_name.gwelts.410,Тила,Tila,,Tila,,,,,,,,,,,,Тіла,Hồng Yến
f_name.gwelts.411,Тина,Tina,,Tina,,,,,,,,,,,,Тіна,Hiền Quyên
f_name.gwelts.412,Тира,Tira,,Tira,,,,,,,,,,,,Тіра,Hương Đào
f_name.gwelts.413,Тора,Tora,,Tora,,,,,,,,,,,,Тора,Hà Bích
f_name.gwelts.414,Тула,Tula,,Tula,,,,,,,,,,,,Тула,Hạnh Ngọc
f_name.gwelts.415,Тира,Tyra,,Tyra,,,,,,,,,,,,Тайра,Hồng Thanh
f_name.gwelts.416,Ула,Ula,,Ula,,,,,,,,,,,,Ула,Hiền Thư
f_name.gwelts.417,Ульна,Ulna,,Ulna,,,,,,,,,,,,Ульна,Hương Lệ
f_name.gwelts.418,Уна,Una,,Una,,,,,,,,,,,,Уна,Hà Thúy
f_name.gwelts.419,Ура,Ura,,Ura,,,,,,,,,,,,Урра,Hồng Mơ
f_name.gwelts.420,Ури,Uri,,Uri,,,,,,,,,,,,Уррі,Hiền Tâm
f_name.gwelts.421,Ута,Uta,,Uta,,,,,,,,,,,,Ута,Iris Thảo
f_name.gwelts.422,Вала,Vala,,Vala,,,,,,,,,,,,Вала,Ingrid Linh
f_name.gwelts.423,Ваная,Vana,,Vana,,,,,,,,,,,,Вана,Ivy Ngọc
f_name.gwelts.424,Вара,Vara,,Vara,,,,,,,,,,,,Вара,Irena Quyên
f_name.gwelts.425,Вела,Vela,,Vela,,,,,,,,,,,,Велла,Isabela Diệp
f_name.gwelts.426,Вена,Vena,,Vena,,,,,,,,,,,,Венна,Isabelle Hương
f_name.gwelts.427,Вера,Vera,,Vera,,,,,,,,,,,,Вера,Imogen Mai
f_name.gwelts.428,Вина,Vina,,Vina,,,,,,,,,,,,Віана,Ingrid Nhi
f_name.gwelts.429,Вира,Vira,,Vira,,,,,,,,,,,,Вірра,Imani Yến
f_name.gwelts.430,Вона,Vona,,Vona,,,,,,,,,,,,Вонна,Ida Lan
f_name.gwelts.431,Вора,Vora,,Vora,,,,,,,,,,,,Вора,India Phương
f_name.gwelts.432,Вина,Wina,,Wina,,,,,,,,,,,,Вайна,Ilse Hạnh
f_name.gwelts.433,Вира,Wira,,Wira,,,,,,,,,,,,Віра,Irma Nhu
f_name.gwelts.434,Лона,Lona,,Lona,,,,,,,,,,,,Лона,Inez Tuyết
f_name.gwelts.435,Лора,Lora,,Lora,,,,,,,,,,,,Лора,Irina Tâm
f_name.gwelts.436,Лорна,Lorna,,Lorna,,,,,,,,,,,,Лорна,Ingrid Vân
f_name.gwelts.437,Лотта,Lotta,,Lotta,,,,,,,,,,,,Лотта,Ilyana Hồng
f_name.gwelts.438,Луиза,Louisa,,Louisa,,,,,,,,,,,,Луіза,Imani Hòa
f_name.gwelts.439,Лова,Lova,,Lova,,,,,,,,,,,,Лова,Ivana Minh
f_name.gwelts.440,Луа,Lua,,Lua,,,,,,,,,,,,Луа,Isha Liên
f_name.gwelts.441,Луана,Luana,,Luana,,,,,,,,,,,,Луана,Iva Quyên
f_name.gwelts.442,Люба,Luba,,Luba,,,,,,,,,,,,Люба,Imelda Đào
f_name.gwelts.443,Люда,Luda,,Luda,,,,,,,,,,,,Люда,Iona Thanh
f_name.gwelts.444,Лула,Lula,,Lula,,,,,,,,,,,,Лула,Ingrid Hương
f_name.gwelts.445,Лума,Luma,,Luma,,,,,,,,,,,,Лума,Izzie Diệp
f_name.gwelts.446,Луна,Luna,,Luna,,,,,,,,,,,,Луна,Imani Mai
f_name.gwelts.447,Луса,Lusa,,Lusa,,,,,,,,,,,,Луза,Iris Quyên
f_name.gwelts.448,Лута,Luta,,Luta,,,,,,,,,,,,Лута,Ivana Nhi
f_name.gwelts.449,Лайла,Lyla,,Lyla,,,,,,,,,,,,Лайла,Isabell Thư
f_name.gwelts.450,Лина,Lyna,,Lyna,,,,,,,,,,,,Ліна,Iliana Yến
f_name.gwelts.451,Лира,Lyra,,Lyra,,,,,,,,,,,,Лайра,Ines Hạnh
f_name.gwelts.452,Майда,Maida,,Maida,,,,,,,,,,,,Мейда,Ivy Hòa
f_name.gwelts.453,Мала,Mala,,Mala,,,,,,,,,,,,Мала,Isha Bích
f_name.gwelts.454,Мала,Mala,,Mala,,,,,,,,,,,,Мала,Iris Tường
f_name.gwelts.455,Мара,Mara,,Mara,,,,,,,,,,,,Мара,Imogen Ngọc
f_name.gwelts.456,Марла,Marla,,Marla,,,,,,,,,,,,Марла,Ingrid Thúy
f_name.gwelts.457,Марна,Marna,,Marna,,,,,,,,,,,,Марна,Idalia Nhi
f_name.gwelts.458,Марта,Marta,,Marta,,,,,,,,,,,,Марта,Ivette Minh
f_name.gwelts.459,Маша,Masha,,Masha,,,,,,,,,,,,Маша,Isadora Tuyết
f_name.gwelts.460,Мата,Mata,,Mata,,,,,,,,,,,,Мата,Iris An
f_name.gwelts.461,Мава,Mava,,Mava,,,,,,,,,,,,Мава,Ilse Linh
f_name.gwelts.462,Майна,Mayna,,Mayna,,,,,,,,,,,,Майна,Indira Nhi
f_name.gwelts.463,Мела,Mela,,Mela,,,,,,,,,,,,Мела,Ingrid Lệ
f_name.gwelts.464,Мелда,Melda,,Melida,,,,,,,,,,,,Мельда,Ivonne Hồng
f_name.gwelts.465,Мелла,Mella,,Mella,,,,,,,,,,,,Мелла,Jane Linh
f_name.gwelts.466,Мена,Mena,,Mena,,,,,,,,,,,,Мена,Julia Thảo
f_name.gwelts.467,Мера,Mera,,Mera,,,,,,,,,,,,Мера,Jenna Ngọc
f_name.gwelts.468,Меса,Mesa,,Mesa,,,,,,,,,,,,Меса,Jade Diệp
f_name.gwelts.469,Мета,Meta,,Mita,,,,,,,,,,,,Мета,Jada Quyên
f_name.gwelts.470,Милда,Milda,,Milda,,,,,,,,,,,,Мільда,June Hương
f_name.gwelts.471,Милка,Milka,,Milka,,,,,,,,,,,,Мілка,Joy Nhi
f_name.gwelts.472,Мина,Mina,,Mina,,,,,,,,,,,,Міна,Jasmine Mai
f_name.gwelts.473,Мира,Mira,,Mira,,,,,,,,,,,,Міра,June Thư
f_name.gwelts.474,Мирна,Mirna,,Mirna,,,,,,,,,,,,Мірна,Janelle Yến
f_name.gwelts.475,Мита,Mita,,Mita,,,,,,,,,,,,Міта,Jocelyn Lan
f_name.gwelts.476,Мива,Miva,,Miva,,,,,,,,,,,,Міва,Jessa Hạnh
f_name.gwelts.477,Мона,Mona,,Mona,,,,,,,,,,,,Мона,June Nhi
f_name.gwelts.478,Мора,Mora,,Mora,,,,,,,,,,,,Мора,Jodie Bích
f_name.gwelts.479,Морна,Morna,,Marna,,,,,,,,,,,,Морна,Jolie Quyên
f_name.gwelts.480,Муна,Muna,,Muna,,,,,,,,,,,,Муна,Jasmine Linh
f_name.gwelts.481,Майра,Myra,,Myra,,,,,,,,,,,,Майра,Janel Hòa
f_name.gwelts.482,Мирна,Myrna,,Myrna,,,,,,,,,,,,Мирна,Jess Thúy
f_name.gwelts.483,Надя,Nadia,,Nadia,,,,,,,,,,,,Надая,Juno Nhu
f_name.gwelts.484,Нала,Nala,,Nala,,,,,,,,,,,,Нала,Jayla Tâm
f_name.gwelts.485,Нанда,Nanda,,Nanda,,,,,,,,,,,,Нанда,Judy Hồng
f_name.gwelts.486,Нара,Nara,,Nara,,,,,,,,,,,,Нара,Janelle Diệp
f_name.gwelts.487,Ната,Nata,,Nata,,,,,,,,,,,,Ната,Jane Tuyết
f_name.gwelts.488,Нава,Nava,,Nava,,,,,,,,,,,,Нава,Jazmin Tường
f_name.gwelts.489,Ная,Naya,,Naya,,,,,,,,,,,,Найа,Jolie Nhi
f_name.gwelts.490,Неа,Nea,,Nea,,,,,,,,,,,,Неа,June Quyên
f_name.gwelts.491,Нельда,Nelda,,Nelda,,,,,,,,,,,,Нельда,Joy Minh
f_name.gwelts.492,Нелла,Nella,,Nella,,,,,,,,,,,,Нелла,Jenna Thủy
f_name.gwelts.493,Нема,Nema,,Nema,,,,,,,,,,,,Немма,Jada Hòa
f_name.gwelts.494,Нера,Nera,,Nera,,,,,,,,,,,,Нера,Jazmin Yến
f_name.gwelts.495,Неса,Nesa,,Nesa,,,,,,,,,,,,Неса,Jade Linh
f_name.gwelts.496,Нета,Neta,,Neta,,,,,,,,,,,,Нета,Janel Thư
f_name.gwelts.497,Ника,Nika,,Nika,,,,,,,,,,,,Ніка,Juno Quyên
f_name.gwelts.498,Нила,Nila,,Nila,,,,,,,,,,,,Ніла,Jasmine Hạnh
f_name.gwelts.499,Нина,Nina,,Nina,,,,,,,,,,,,Ніна,Jane Tâm
f_name.gwelts.500,Нира,Nira,,Nira,,,,,,,,,,,,Ніра,Jodie Diệp
f_name.gwelts.501,Нита,Nita,,Nita,,,,,,,,,,,,Ніта,Jolie Lệ
f_name.gwelts.502,Нива,Niva,,Niva,,,,,,,,,,,,Ніва,Judy Nhi
f_name.gwelts.503,Нора,Nora,,Nora,,,,,,,,,,,,Нора,Jess Quyên
f_name.gwelts.504,Нова,Nova,,Nova,,,,,,,,,,,,Нова,Jayla Bích
f_name.gwelts.505,Оана,Oana,,Oana,,,,,,,,,,,,Оана,June Hương
f_name.gwelts.506,Ода,Oda,,Oda,,,,,,,,,,,,Ода,Jade Minh
f_name.gwelts.507,Ола,Ola,,Ola,,,,,,,,,,,,Ола,Janelle Tuyết
f_name.gwelts.508,Ольга,Olga,,Olga,,,,,,,,,,,,Ольга,Jazmin Hòa
f_name.gwelts.509,Омая,Oma,,Oma,,,,,,,,,,,,Ома,Joy Nhi
f_name.gwelts.510,Она,Ona,,Ona,,,,,,,,,,,,Она,Jodie Thúy
f_name.gwelts.511,Ора,Ora,,Ora,,,,,,,,,,,,Ора,Jane Hòa
f_name.gwelts.512,Орна,Orna,,Orna,,,,,,,,,,,,Орна,Jasmine Quyên
f_name.gwelts.513,Орса,Orsa,,Orsa,,,,,,,,,,,,Орса,Juno Nhu
f_name.gwelts.514,Осма,Osma,,Osma,,,,,,,,,,,,Осма,June Linh
f_name.gwelts.515,Отта,Otta,,Otta,,,,,,,,,,,,Отта,Janel Diệp
f_name.gwelts.516,Пала,Pala,,Pala,,,,,,,,,,,,Пала,Jayla Yến
f_name.gwelts.517,Пания,Pania,,Pania,,,,,,,,,,,,Панія,Jolie Thư
f_name.gwelts.518,Парла,Parla,,Parla,,,,,,,,,,,,Парла,Jess Tường
f_name.gwelts.519,Пава,Pava,,Pava,,,,,,,,,,,,Пава,Judy Mai
f_name.gwelts.520,Пелла,Pella,,Pella,,,,,,,,,,,,Пелла,Jade Quyên
f_name.gwelts.521,Пера,Pera,,Pera,,,,,,,,,,,,Пера,Jodie Hạnh
f_name.gwelts.522,Перла,Perla,,Perla,,,,,,,,,,,,Перла,Jasmine Nhi
f_name.gwelts.523,Петра,Petra,,Petra,,,,,,,,,,,,Петра,Jane Linh
f_name.gwelts.524,Пиа,Pia,,Pia,,,,,,,,,,,,Піа,Joy Tuyết
f_name.gwelts.525,Пила,Pila,,Pila,,,,,,,,,,,,Пілла,hánh Linh
f_name.gwelts.526,Пина,Pina,,Pina,,,,,,,,,,,,Піна,Kim Nhi
f_name.gwelts.527,Пола,Pola,,Pola,,,,,,,,,,,,Пола,Khuê Quyên
f_name.gwelts.528,Прима,Prima,,Prima,,,,,,,,,,,,Пріма,Kỳ Anh
f_name.gwelts.529,Quanda,Quanda,,Quanda,,,,,,,,,,,,Кванда,Khoa Thảo
f_name.gwelts.530,Куара,Quara,,Quara,,,,,,,,,,,,Квара,Kim Thư
f_name.gwelts.531,Квина,Quina,,Quena,,,,,,,,,,,,Квіна,Khánh Ngọc
f_name.gwelts.532,Квора,Quora,,Quora,,,,,,,,,,,,Квора,Kim Mai
f_name.gwelts.533,Раана,Raana,,Raana,,,,,,,,,,,,Раана,Khuê Diệp
f_name.gwelts.534,Рада,Rada,,Rada,,,,,,,,,,,,Рада,Khánh Hương
f_name.gwelts.535,Раэла,Raela,,Raela,,,,,,,,,,,,Раела,Kỳ Nhi
f_name.gwelts.536,Рафа,Rafa,,Rafa,,,,,,,,,,,,Рафа,Kim Tuyết
f_name.gwelts.537,Рагна,Ragna,,Ragna,,,,,,,,,,,,Раґна,Khuê Thúy
f_name.gwelts.538,Рама,Rama,,Rama,,,,,,,,,,,,Рамма,Khánh Hòa
f_name.gwelts.539,Рана,Rana,,Rana,,,,,,,,,,,,Рана,Khoa Nhi
f_name.gwelts.540,Ранда,Randa,,Randa,,,,,,,,,,,,Ранда,Kim Ái
f_name.gwelts.541,Рара,Rara,,Rada,,,,,,,,,,,,Рара,Khánh Tâm
f_name.gwelts.542,Раса,Rasa,,Rasa,,,,,,,,,,,,Раза,Khuê Vân
f_name.gwelts.543,Раша,Rasha,,Rasha,,,,,,,,,,,,Раша,Kỳ Quyên
f_name.gwelts.544,Рава,Rava,,Rava,,,,,,,,,,,,Рава,Kim Hạnh
f_name.gwelts.545,Реа,Rea,,Rea,,,,,,,,,,,,Рея,Khánh Bích
f_name.gwelts.546,Реба,Reba,,Reba,,,,,,,,,,,,Реба,Khoa Linh
f_name.gwelts.547,Реда,Reda,,Reda,,,,,,,,,,,,Реда,Khuê Tường
f_name.gwelts.548,Рейя,Reia,,Reia,,,,,,,,,,,,Рейя,Kim Đan
f_name.gwelts.549,Рена,Rena,,Rena,,,,,,,,,,,,Рена,Khánh Quỳnh
f_name.gwelts.550,Реса,Resa,,Resa,,,,,,,,,,,,Реза,Kỳ Diệp
f_name.gwelts.551,Ретта,Retta,,Retta,,,,,,,,,,,,Ретта,Khuê Yến
f_name.gwelts.552,Рева,Reva,,Reva,,,,,,,,,,,,Рева,Kim Lệ
f_name.gwelts.553,Рея,Rhea,,Rhea,,,,,,,,,,,,Рейа,Khoa Thủy
f_name.gwelts.554,Риа,Ria,,Ria,,,,,,,,,,,,Ріа,Khánh Tường
f_name.gwelts.555,Роста,Rosta,,Rostaf,,,,,,,,,,,,Роста,Khuê Nguyệt
f_name.gwelts.556,Рова,Rowa,,Rowa,,,,,,,,,,,,Рова,Kỳ Hạnh
f_name.gwelts.557,Rozia,Rozia,,Rozia,,,,,,,,,,,,Розія,Kim Trinh
f_name.gwelts.558,Руба,Ruba,,Ruba,,,,,,,,,,,,Рубба,Khánh Thanh
f_name.gwelts.559,Руна,Runa,,Runa,,,,,,,,,,,,Руна,Khoa Hòa
f_name.gwelts.560,Руса,Rusa,,Rusa,,,,,,,,,,,,Руса,Khuê Nhu
f_name.gwelts.561,Рута,Rutha,,Rutha,,,,,,,,,,,,Рута,Kỳ Thư
f_name.gwelts.562,Ряна,Ryana,,Ryana,,,,,,,,,,,,Ріана,Kim Tuyết
f_name.gwelts.563,Сабра,Sabra,,Sabra,,,,,,,,,,,,Сабра,Khánh Linh
f_name.gwelts.564,Сада,Sada,,Sada,,,,,,,,,,,,Сада,Khuê Bích
f_name.gwelts.565,Сафия,Safia,,Safia,,,,,,,,,,,,Сафія,Khoa Quyên
f_name.gwelts.566,Саида,Saida,,Saida,,,,,,,,,,,,Сайда,Kim Minh
f_name.gwelts.567,Саира,Saira,,Saira,,,,,,,,,,,,Саяра,Khuê Hạnh
f_name.gwelts.568,Сала,Sala,,Sala,,,,,,,,,,,,Сала,Khánh Mơ
f_name.gwelts.569,Салда,Salda,,Salda,,,,,,,,,,,,Сальда,Kỳ Ngọc
f_name.gwelts.570,Салма,Salma,,Salma,,,,,,,,,,,,Сальма,Kim Hòa
f_name.gwelts.571,Самара,Samara,,Samara,,,,,,,,,,,,Самарра,Khuê Đan
f_name.gwelts.572,Сана,Sana,,Sana,,,,,,,,,,,,Санна,Khánh Lệ
f_name.gwelts.573,Сандра,Sandra,,Sandra,,,,,,,,,,,,Сандра,Khoa Thúy
f_name.gwelts.574,Саня,Sanya,,Sanya,,,,,,,,,,,,Санія,Kỳ Nhi
f_name.gwelts.575,Сафа,Sapha,,Sapha,,,,,,,,,,,,Сафа,Kim Nhi
f_name.gwelts.576,Сара,Sara,,Sara,,,,,,,,,,,,Сара,Khánh Vui
f_name.gwelts.577,Сария,Saria,,Saria,,,,,,,,,,,,Сарія,Khuê Linh
f_name.gwelts.578,Саша,Sasha,,Sasha,,,,,,,,,,,,Саша,Kim Quyên
f_name.gwelts.579,Савина,Savina,,Savina,,,,,,,,,,,,Савіна,Kỳ Tâm
f_name.gwelts.580,Сая,Saya,,Saya,,,,,,,,,,,,Сайя,Khánh Thủy
f_name.gwelts.581,Сена,Sena,,Sena,,,,,,,,,,,,Сена,Khoa Yến
f_name.gwelts.582,Серафина,Serafina,,Serafina,,,,,,,,,,,,Серафіна,Khuê Hòa
f_name.gwelts.583,Серика,Serika,,Serika,,,,,,,,,,,,Серіка,Kim Diệp
f_name.gwelts.584,Сета,Seta,,Seta,,,,,,,,,,,,Сета,Khánh Dung
f_name.gwelts.585,Сева,Seva,,Seva,,,,,,,,,,,,Сева,Lan Thảo
f_name.gwelts.586,Шала,Shala,,Shala,,,,,,,,,,,,Шала,Linh Ngọc
f_name.gwelts.587,Шана,Shana,,Shana,,,,,,,,,,,,Шана,Lê Quyên
f_name.gwelts.588,Шара,Shara,,Shara,,,,,,,,,,,,Шаара,Ly Hương
f_name.gwelts.589,Шелла,Shella,,Shella,,,,,,,,,,,,Шелла,Lan Nhi
f_name.gwelts.590,Шира,Shira,,Shira,,,,,,,,,,,,Шіра,Lệ Thư
f_name.gwelts.591,Шайла,Shyla,,Shyla,,,,,,,,,,,,Шіла,Linh Mai
f_name.gwelts.592,Сиа,Sia,,Sia,,,,,,,,,,,,Сіа,Liên Diệp
f_name.gwelts.593,Сиана,Siana,,Siana,,,,,,,,,,,,Сіана,Lâm Tuyết
f_name.gwelts.594,Сиба,Siba,,Siba,,,,,,,,,,,,Сіба,Lan Hạnh
f_name.gwelts.595,Силла,Silla,,Silla,,,,,,,,,,,,Сілла,Lý Yến
f_name.gwelts.596,Сима,Sima,,Sima,,,,,,,,,,,,Сімма,Lê Tâm
f_name.gwelts.597,Сина,Sina,,Sina,,,,,,,,,,,,Сіна,Lộc Hòa
f_name.gwelts.598,Синора,Sinora,,Sinora,,,,,,,,,,,,Сінора,Linh Thúy
f_name.gwelts.599,Синта,Sinta,,Sinta,,,,,,,,,,,,Сінта,Lan Quyên
f_name.gwelts.600,Сира,Sira,,Sira,,,,,,,,,,,,Зіара,Lệ Nhi
f_name.gwelts.601,Сирия,Siria,,Siria,,,,,,,,,,,,Зірія,Liên Thủy
f_name.gwelts.602,Сита,Sita,,Sita,,,,,,,,,,,,Сітта,Linh Vân
f_name.gwelts.603,Солга,Solga,,Solga,,,,,,,,,,,,Зольга,Lan Đào
f_name.gwelts.604,Сона,Sona,,Sona,,,,,,,,,,,,Сона,Lê Thanh
f_name.gwelts.605,Сондра,Sondra,,Sondra,,,,,,,,,,,,Зондра,Lâm Nhi
f_name.gwelts.606,Сора,Sora,,Sora,,,,,,,,,,,,Сора,Ly Hạnh
f_name.gwelts.607,Сорина,Sorina,,Sorina,,,,,,,,,,,,Зоріна,Linh Hòa
f_name.gwelts.608,Стефа,Stefa,,Stefa,,,,,,,,,,,,Штефа,Lan Tường
f_name.gwelts.609,Стелла,Stella,,Stella,,,,,,,,,,,,Стелла,Lệ Minh
f_name.gwelts.610,Стила,Stila,,Stila,,,,,,,,,,,,Стіла,Liên Quyên
f_name.gwelts.611,Стина,Stina,,Stina,,,,,,,,,,,,Стена,Lâm Hương
f_name.gwelts.612,Сулия,Sulia,,Sulia,,,,,,,,,,,,Сулія,Ly Diệp
f_name.gwelts.613,Сума,Suma,,Suma,,,,,,,,,,,,Сумма,Linh Yến
f_name.gwelts.614,Суна,Suna,,Suna,,,,,,,,,,,,Зунна,Lê Quyên
f_name.gwelts.615,Сурина,Surina,,Surina,,,,,,,,,,,,Зуріна,Lan Thúy
f_name.gwelts.616,Сюзана,Suzana,,Suzana,,,,,,,,,,,,Сюзана,Lệ Linh
f_name.gwelts.617,Свеа,Svea,,Svea,,,,,,,,,,,,Свеа,Liên Tâm
f_name.gwelts.618,Светла,Svetla,,Svetla,,,,,,,,,,,,Світла,Lâm Nhu
f_name.gwelts.619,Сира,Syra,,Syra,,,,,,,,,,,,Сіра,Lan Thanh
f_name.gwelts.620,Тада,Tada,,Tada,,,,,,,,,,,,Тада,Ly Quyên
f_name.gwelts.621,Тала,Tala,,Tala,,,,,,,,,,,,Тала,Linh Lệ
f_name.gwelts.622,Тама,Tama,,Tama,,,,,,,,,,,,Тама,Lê Mơ
f_name.gwelts.623,Тана,Tana,,Tana,,,,,,,,,,,,Тана,Lệ Hòa
f_name.gwelts.624,Тара,Tara,,Tara,,,,,,,,,,,,Тара,Liên Bích
f_name.gwelts.625,Таса,Tasa,,Tasa,,,,,,,,,,,,Тасса,Lan Vân
f_name.gwelts.626,Тава,Tava,,Tava,,,,,,,,,,,,Тавва,Linh Phương
f_name.gwelts.627,Тайла,Tayla,,Tayla,,,,,,,,,,,,Тайла,Lê An
f_name.gwelts.628,Теа,Tea,,Tea,,,,,,,,,,,,Теа,Lộc Tâm
f_name.gwelts.629,Телма,Telma,,Telma,,,,,,,,,,,,Тельма,Lâm Diệp
f_name.gwelts.630,Тера,Tera,,Tera,,,,,,,,,,,,Тера,Lan Bích
f_name.gwelts.631,Тесла,Tesla,,Tesla,,,,,,,,,,,,Тесла,Lệ Thúy
f_name.gwelts.632,Талия,Thalia,,Thalia,,,,,,,,,,,,Таліа,Liên Linh
f_name.gwelts.633,Тара,Thara,,Thara,,,,,,,,,,,,Теара,Ly Nhi
f_name.gwelts.634,Теда,Theda,,Theda,,,,,,,,,,,,Теда,Linh Thủy
f_name.gwelts.635,Тела,Thela,,Thela,,,,,,,,,,,,Теала,Lê Mai
f_name.gwelts.636,Тера,Thera,,Thera,,,,,,,,,,,,Терра,Lan Quyên
f_name.gwelts.637,Тильда,Thilda,,Thilda,,,,,,,,,,,,Тільде,Liên Hạnh
f_name.gwelts.638,Тора,Thora,,Thora,,,,,,,,,,,,Торра,Lâm Thư
f_name.gwelts.639,Тура,Thura,,Thura,,,,,,,,,,,,Турра,Linh Nhi
f_name.gwelts.640,Тиа,Tia,,Tia,,,,,,,,,,,,Тіа,Lê Tường
f_name.gwelts.641,Тильда,Tilda,,Tilda,,,,,,,,,,,,Тільда,Lệ Ngọc
f_name.gwelts.642,Тина,Tina,,Tina,,,,,,,,,,,,Тіна,Liên Diệp
f_name.gwelts.643,Тирса,Tirsa,,Tirsa,,,,,,,,,,,,Тірза,Lan Hòa
f_name.gwelts.644,Тиса,Tisa,,Tisa,,,,,,,,,,,,Тіза,Ly Quyên
f_name.gwelts.645,Тития,Titia,,Tita,,,,,,,,,,,,Тиція,Mai Linh
f_name.gwelts.646,Тива,Tiva,,Tiva,,,,,,,,,,,,Тіва,Minh Nhi
f_name.gwelts.647,Тола,Tola,,Tola,,,,,,,,,,,,Тола,My Hương
f_name.gwelts.648,Томина,Tomina,,Tomina,,,,,,,,,,,,Томіна,Mộng Tuyết
f_name.gwelts.649,Тоня,Tonja,,Tonja,,,,,,,,,,,,Тонія,Mẫu Thảo
f_name.gwelts.650,Тора,Tora,,Tora,,,,,,,,,,,,Тора,Mai Quyên
f_name.gwelts.651,Това,Tova,,Tova,,,,,,,,,,,,Това,Minh Ngọc
f_name.gwelts.652,Трина,Trina,,Trina,,,,,,,,,,,,Тріна,Mộng Diệp
f_name.gwelts.653,Триста,Trista,,Trista,,,,,,,,,,,,Тріста,Mai Thư
f_name.gwelts.654,Тува,Tuva,,Tuva,,,,,,,,,,,,Тува,Mộng Hạnh
f_name.gwelts.655,Ула,Ula,,Ula,,,,,,,,,,,,Ула,Minh Yến
f_name.gwelts.656,Уна,Una,,Una,,,,,,,,,,,,Уна,My Nhi
f_name.gwelts.657,Урса,Ursa,,Ursa,,,,,,,,,,,,Урса,Mẫu Linh
f_name.gwelts.658,Урта,Urta,,Urta,,,,,,,,,,,,Урта,Mai Hòa
f_name.gwelts.659,Вада,Vada,,Wada,,,,,,,,,,,,Вадда,Minh Thúy
f_name.gwelts.660,Вайда,Vaida,,Wida,,,,,,,,,,,,Вайда,Mộng Tâm
f_name.gwelts.661,Вайда,Vaila,,Vaila,,,,,,,,,,,,Вайла,Mẫu Nhi
f_name.gwelts.662,Вайра,Vaira,,Vaira,,,,,,,,,,,,Вайра,Mai Diệp
f_name.gwelts.663,Вала,Vala,,Vala,,,,,,,,,,,,Ваала,Minh Bích
f_name.gwelts.664,Валда,Valda,,Valda,,,,,,,,,,,,Вальда,Mộng Quyên
f_name.gwelts.665,Валеа,Valea,,Valea,,,,,,,,,,,,Валія,Mai Nhi
f_name.gwelts.666,Валелла,Valella,,Valella,,,,,,,,,,,,Валелла,My Tường
f_name.gwelts.667,Линни,Linnie,,Linnie,,,,,,,,,,,,Лінні,Minh Đào
f_name.tanaya.668,Алетия,Aletiya,,Aletiya,,,,,,,,,,,,Алетія,Mẫu Yến
f_name.tanaya.669,Терона,Terona,,Terona,,,,,,,,,,,,Терона,Mai Quyên
f_name.tanaya.670,Лириса,Lirisa,,Lirisa,,,,,,,,,,,,Ліріза,Mộng Vân
f_name.tanaya.671,Фелика,Felika,,Felika,,,,,,,,,,,,Феліка,Minh Linh
f_name.tanaya.672,Мелония,Melonia,,Melonia,,,,,,,,,,,,Мелонія,Mẫu Hòa
f_name.tanaya.673,Серена,Serena,,Serena,,,,,,,,,,,,Серена,My Nhu
f_name.tanaya.674,Ариада,Ariada,,Ariada,,,,,,,,,,,,Аріада,Mai Hạnh
f_name.tanaya.675,Танелия,Taneliya,,Taneliya,,,,,,,,,,,,Танелія,Minh Quyên
f_name.tanaya.676,Хелена,Helena,,Helena,,,,,,,,,,,,Хелена,Mộng Mơ
f_name.tanaya.677,Дорина,Dorina,,Dorina,,,,,,,,,,,,Доріна,Mẫu Tâm
f_name.tanaya.678,Лисея,Liseya,,Liseya,,,,,,,,,,,,Лісея,Mai Lệ
f_name.tanaya.679,Полима,Polima,,Polima,,,,,,,,,,,,Поліма,Minh Tuyết
f_name.tanaya.680,Артемила,Artemila,,Artemila,,,,,,,,,,,,Артеміла,My Quyên
f_name.tanaya.681,Селика,Selika,,Selika,,,,,,,,,,,,Селіка,Mộng Nhi
f_name.tanaya.682,Феодасия,Feodasia,,Feodasia,,,,,,,,,,,,Феодасія,Mẫu Thúy
f_name.tanaya.683,Лимора,Limora,,Limora,,,,,,,,,,,,Лімора,Mai Nguyệt
f_name.tanaya.684,Терелиса,Terelisa,,Terelisa,,,,,,,,,,,,Тереліза,Minh Thư
f_name.tanaya.685,Мирона,Mirona,,Mirona,,,,,,,,,,,,Мірона,Mộng An
f_name.tanaya.686,Фелида,Felida,,Felida,,,,,,,,,,,,Феліда,Mẫu Linh
f_name.tanaya.687,Лирая,Liraya,,Liraya,,,,,,,,,,,,Лірайя,Mai Đan
f_name.tanaya.688,Демелия,Demeliya,,Demeliya,,,,,,,,,,,,Демелія,Minh Hòa
f_name.tanaya.689,Сонела,Sonela,,Sonela,,,,,,,,,,,,Зонела,Mộng Thanh
f_name.tanaya.690,Артелия,Arteliya,,Arteliya,,,,,,,,,,,,Артелія,My Diệp
f_name.tanaya.691,Филена,Filena,,Filena,,,,,,,,,,,,Філена,Mẫu Nhu
f_name.tanaya.692,Хриса,Hrisa,,Hrisa,,,,,,,,,,,,Гріза,Mai Quyên
f_name.tanaya.693,Доната,Donata,,Donata,,,,,,,,,,,,Донатта,Minh Hạnh
f_name.tanaya.694,Перелия,Pereliya,,Pereliya,,,,,,,,,,,,Перелія,Mộng Linh
f_name.tanaya.695,Лантра,Lantra,,Lantra,,,,,,,,,,,,Лантра,Mẫu Bích
f_name.tanaya.696,Амелона,Amelona,,Amelona,,,,,,,,,,,,Амелона,Mai Tuyết
f_name.tanaya.697,Феломира,Felomira,,Felomira,,,,,,,,,,,,Феломіра,Minh Nhu
f_name.tanaya.698,Лисела,Lisela,,Lisela,,,,,,,,,,,,Лізела,Mộng Lệ
f_name.tanaya.699,Алена,Alena,,Alena,,,,,,,,,,,,Алена,Mẫu Mơ
f_name.tanaya.700,Терола,Terola,,Terola,,,,,,,,,,,,Терола,Mai Yến
f_name.tanaya.701,Христина,Hristina,,Hristina,,,,,,,,,,,,Христина,Minh Tường
f_name.tanaya.702,Донелия,Doneliya,,Doneliya,,,,,,,,,,,,Донелія,Mộng Thủy
f_name.tanaya.703,Лирама,Lirama,,Lirama,,,,,,,,,,,,Лірама,My Mai
f_name.tanaya.704,Фелена,Felena,,Felena,,,,,,,,,,,,Фелена,Mẫu Diệp
f_name.tanaya.705,Амелия,Ameliya,,Ameliya,,,,,,,,,,,,Амелія,Ngọc Thảo
f_name.tanaya.706,Терама,Terama,,Terama,,,,,,,,,,,,Терама,Như Nhi
f_name.tanaya.707,Сирона,Sirona,,Sirona,,,,,,,,,,,,Сірона,Ngân Hương
f_name.tanaya.708,Дореля,Dorelya,,Dorelya,,,,,,,,,,,,Дорелія,Ngọc Mai
f_name.tanaya.709,Филома,Filoma,,Filoma,,,,,,,,,,,,Філома,Như Quyên
f_name.tanaya.710,Лерена,Lerena,,Lerena,,,,,,,,,,,,Лерена,Ngọc Diệp
f_name.tanaya.711,Теломира,Telomira,,Telomira,,,,,,,,,,,,Теломіра,Nhi Hạnh
f_name.tanaya.712,Домина,Domina,,Domina,,,,,,,,,,,,Доміна,Ngọc Tuyết
f_name.tanaya.713,Лиронда,Lironda,,Lironda,,,,,,,,,,,,Ліронда,Như Linh
f_name.tanaya.714,Фелиса,Felisa,,Felisa,,,,,,,,,,,,Феліса,Ngọc Tâm
f_name.tanaya.715,Териса,Terisa,,Terisa,,,,,,,,,,,,Теріса,Nhu Thư
f_name.tanaya.716,Амелора,Amelora,,Amelora,,,,,,,,,,,,Амелора,Ngân Yến
f_name.tanaya.717,Селена,Selena,,Selena,,,,,,,,,,,,Селена,Như Hòa
f_name.tanaya.718,Лимена,Limena,,Limena,,,,,,,,,,,,Лімена,Ngọc Nhi
f_name.tanaya.719,Филелия,Fileliya,,Fileliya,,,,,,,,,,,,Філелія,Nhi Thủy
f_name.tanaya.720,Теремира,Teremira,,Teremira,,,,,,,,,,,,Тереміра,Ngọc Đào
f_name.tanaya.721,Лорена,Lorena,,Lorena,,,,,,,,,,,,Лорена,Như Thúy
f_name.tanaya.722,Дерена,Derena,,Derena,,,,,,,,,,,,Дерена,Ngân Linh
f_name.tanaya.723,Артена,Artena,,Artena,,,,,,,,,,,,Артена,Nhu Quyên
f_name.tanaya.724,Филомена,Filomena,,Filomena,,,,,,,,,,,,Філомена,Ngọc Hạnh
f_name.tanaya.725,Лорила,Lorila,,Lorila,,,,,,,,,,,,Лоріла,Như Diệp
f_name.tanaya.726,Демира,Demira,,Demira,,,,,,,,,,,,Деміра,Ngọc Bích
f_name.tanaya.727,Телия,Teliya,,Teliya,,,,,,,,,,,,Телія,Nhi Quyên
f_name.tanaya.728,Серамира,Seramira,,Seramira,,,,,,,,,,,,Сераміра,Ngân Tường
f_name.tanaya.729,Лериса,Lerisa,,Lerisa,,,,,,,,,,,,Леріса,Như Lệ
f_name.tanaya.730,Артемина,Artemina,,Artemina,,,,,,,,,,,,Артеміна,Ngọc Thanh
f_name.tanaya.731,Филора,Filora,,Filora,,,,,,,,,,,,Філора,Nhu Mơ
f_name.tanaya.732,Дерелия,Dereliya,,Dereliya,,,,,,,,,,,,Дерелія,Ngọc An
f_name.tanaya.733,Лерина,Lerina,,Lerina,,,,,,,,,,,,Леріна,Như Yến
f_name.tanaya.734,Терона,Terona,,Terona,,,,,,,,,,,,Терона,Nhi Linh
f_name.tanaya.735,Христила,Hristila,,Hristila,,,,,,,,,,,,Хрістіла,Ngân Hòa
f_name.tanaya.736,Домила,Domila,,Domila,,,,,,,,,,,,Доміла,Như Mai
f_name.tanaya.737,Лирена,Lirena,,Lirena,,,,,,,,,,,,Лірена,Ngọc Thúy
f_name.tanaya.738,Артелена,Artelena,,Artelena,,,,,,,,,,,,Артелена,Nhu Tâm
f_name.tanaya.739,Филама,Filama,,Filama,,,,,,,,,,,,Філама,Ngọc Phương
f_name.tanaya.740,Терела,Terela,,Terela,,,,,,,,,,,,Терела,Như Nhu
f_name.tanaya.741,Лорина,Lorina,,Lorina,,,,,,,,,,,,Лоріна,Nhi Hòa
f_name.tanaya.742,Дерена,Derena,,Derena,,,,,,,,,,,,Дерена,Ngân Diệp
f_name.tanaya.743,Филена,Filena,,Filena,,,,,,,,,,,,Філена,Như Nhiên
f_name.tanaya.744,Терамина,Teramina,,Teramina,,,,,,,,,,,,Тераміна,Ngọc Vân
f_name.tanaya.745,Лирома,Demina,,Demina,,,,,,,,,,,,Деміна,Nhu Thủy
f_name.tanaya.746,Демина,Sirila,,Sirila,,,,,,,,,,,,Сіріла,Ngân Hạnh
f_name.tanaya.747,Сирила,Artena,,Artena,,,,,,,,,,,,Артана,Như Bích
f_name.tanaya.748,Артена,Felama,,Felama,,,,,,,,,,,,Фелама,Ngọc Minh
f_name.tanaya.749,Фелама,Terona,,Terona,,,,,,,,,,,,Терона,Nhi Mơ
f_name.tanaya.750,Терона,Lerisila,,Lerisila,,,,,,,,,,,,Лерісілла,Ngân Tuyết
f_name.tanaya.751,Лерисила,Dorema,,Dorema,,,,,,,,,,,,Дорема,Như Quyên
f_name.tanaya.752,Дорема,Filamira,,Filamira,,,,,,,,,,,,Філаміра,Ngọc Hương
f_name.tanaya.753,Филамира,Lirina,,Lirina,,,,,,,,,,,,Ліріна,Nhu Linh
f_name.tanaya.754,Лирина,Artemira,,Artemira,,,,,,,,,,,,Артеміра,Ngân An
f_name.tanaya.755,Артемира,Teroma,,Teroma,,,,,,,,,,,,Терома,Như Thư
f_name.tanaya.756,Терома,Selama,,Selama,,,,,,,,,,,,Селама,Ngọc Thủy
f_name.tanaya.757,Селама,Demila,,Demila,,,,,,,,,,,,Деміла,Nhi Quyên
f_name.tanaya.758,Демила,Feloma,,Feloma,,,,,,,,,,,,Фелома,Ngân Yến
f_name.tanaya.759,Фелома,Lirela,,Lirela,,,,,,,,,,,,Лірелла,Như Mai
f_name.tanaya.760,Лирела,Teromina,,Teromina,,,,,,,,,,,,Тероміна,Ngọc Đan
f_name.tanaya.761,Теромина,Artela,,Artela,,,,,,,,,,,,Артела,Nhu Thanh
f_name.tanaya.762,Артела,Filorena,,Filorena,,,,,,,,,,,,Фіорена,Ngân Quyên
f_name.tanaya.763,Филорена,Leramira,,Leramira,,,,,,,,,,,,Лераміра,Như Linh
f_name.tanaya.764,Лерамира,Teramila,,Teramila,,,,,,,,,,,,Тераміла,Ngọc Hòa
f_name.tanaya.765,Терамила,Deroma,,Deroma,,,,,,,,,,,,Дерома,Oanh Linh
f_name.tanaya.766,Дерома,Lirisela,,Lirisela,,,,,,,,,,,,Лірісела,Oanh Thảo
f_name.tanaya.767,Лирисена,Melita,,Melita,,,,,,,,,,,,Меліта,Oanh Nhi
f_name.tanaya.768,Мелита,Lidora,,Lidora,,,,,,,,,,,,Лідора,Oanh Diệp
f_name.tanaya.769,Лидора,Ferina,,Ferina,,,,,,,,,,,,Феріна,Oanh Quyên
f_name.tanaya.770,Ферина,Astira,,Astira,,,,,,,,,,,,Астіра,Oanh Hương
f_name.tanaya.771,Астира,Teodina,,Teodina,,,,,,,,,,,,Теодіна,Oanh Yến
f_name.tanaya.772,Теодина,Serilla,,Serilla,,,,,,,,,,,,Серілла,Oanh Mai
f_name.tanaya.773,Серилла,Poleta,,Poleta,,,,,,,,,,,,Полетта,Oanh Nhu
f_name.tanaya.774,Полета,Lantisa,,Lantisa,,,,,,,,,,,,Лантіза,Oanh Tuyết
f_name.tanaya.775,Лантиса,Afeliya,,Afeliya,,,,,,,,,,,,Афелія,Oanh Hạnh
f_name.tanaya.776,Афелия,Helora,,Helora,,,,,,,,,,,,Гелора,Oanh Tâm
f_name.tanaya.777,Хелора,Dreona,,Dreona,,,,,,,,,,,,Дреона,Oanh Vân
f_name.tanaya.778,Дреона,Mirella,,Mirella,,,,,,,,,,,,Мірелла,Oanh Đào
f_name.tanaya.779,Мирелла,Antisa,,Antisa,,,,,,,,,,,,Антіза,Oanh Lệ
f_name.tanaya.780,Антиса,Terelina,,Terelina,,,,,,,,,,,,Тереліна,Oanh Minh
f_name.tanaya.781,Терелина,Faona,,Faona,,,,,,,,,,,,Фаона,Oanh Thư
f_name.tanaya.782,Фаона,Leroma,,Leroma,,,,,,,,,,,,Лерома,Oanh Mơ
f_name.tanaya.783,Лерома,Artesa,,Artesa,,,,,,,,,,,,Артеза,Oanh Bích
f_name.tanaya.784,Артеса,Silika,,Silika,,,,,,,,,,,,Сіліка,Oanh An
f_name.tanaya.785,Силика,Feodora,,Feodora,,,,,,,,,,,,Феодора,Oanh Quyên
f_name.tanaya.786,Феодора,Limila,,Limila,,,,,,,,,,,,Ліміла,Oanh Ngọc
f_name.tanaya.787,Лимила,Danera,,Danera,,,,,,,,,,,,Данера,Oanh Hòa
f_name.tanaya.788,Данера,Soneliya,,Soneliya,,,,,,,,,,,,Сонелія,Oanh Linh
f_name.tanaya.789,Сонелия,Artisa,,Artisa,,,,,,,,,,,,Артіза,Oanh Nhiên
f_name.tanaya.790,Артиса,Filori,,Filori,,,,,,,,,,,,Філорі,Oanh Diệp
f_name.tanaya.791,Филори,Hrisena,,Hrisena,,,,,,,,,,,,Грісена,Oanh Hương
f_name.tanaya.792,Хрисена,Dofila,,Dofila,,,,,,,,,,,,Дофілла,Oanh Thủy
f_name.tanaya.793,Дофила,Perema,,Perema,,,,,,,,,,,,Перемма,Oanh Tường
f_name.tanaya.794,Перема,Lantisi,,Lantisi,,,,,,,,,,,,Лантіа,Oanh Yến
f_name.tanaya.795,Лантиси,Amella,,Amella,,,,,,,,,,,,Амелла,Oanh Bích
f_name.tanaya.796,Амелла,Filota,,Filota,,,,,,,,,,,,Філотта,Oanh Thanh
f_name.tanaya.797,Филота,Liserena,,Liserena,,,,,,,,,,,,Лісерена,Oanh Thúy
f_name.tanaya.798,Лисерена,Aletta,,Aletta,,,,,,,,,,,,Алетта,Oanh Nguyệt
f_name.tanaya.799,Алетта,Terolisa,,Terolisa,,,,,,,,,,,,Тероліза,Oanh Hòa
f_name.tanaya.800,Теролиса,Hrista,,Hrista,,,,,,,,,,,,Хріста,Oanh Quyên
f_name.tanaya.801,Христа,Donesa,,Donesa,,,,,,,,,,,,Донеза,Oanh Linh
f_name.tanaya.802,Донеса,Lirana,,Lirana,,,,,,,,,,,,Лірана,Oanh Yến
f_name.tanaya.803,Лирана,Felisena,,Felisena,,,,,,,,,,,,Фелісена,Oanh Nhi
f_name.tanaya.804,Фелисена,Terelina,,Terelina,,,,,,,,,,,,Тереліна,Oanh Diệp
f_name.tanaya.805,Терелина,Selisa,,Selisa,,,,,,,,,,,,Селіса,Oanh Mai
f_name.tanaya.806,Амелорис,Limeona,,Limeona,,,,,,,,,,,,Лімеона,Oanh Hạnh
f_name.tanaya.807,Селеса,Filena,,Filena,,,,,,,,,,,,Філена,Oanh Tuyết
f_name.tanaya.808,Лимеона,Terefa,,Terefa,,,,,,,,,,,,Терефа,Oanh Thư
f_name.tanaya.809,Филена,Lorila,,Lorila,,,,,,,,,,,,Лоріла,Oanh An
f_name.tanaya.810,Терефа,Demena,,Demena,,,,,,,,,,,,Демена,Oanh Tâm
f_name.tanaya.811,Лорила,Lirota,,Lirota,,,,,,,,,,,,Лірота,Oanh Đan
f_name.tanaya.812,Демена,Felena,,Felena,,,,,,,,,,,,Фелена,Oanh Hòa
f_name.tanaya.813,Лирота,Teromira,,Teromira,,,,,,,,,,,,Тероміра,Oanh Nhu
f_name.tanaya.814,Фелена,Amelisa,,Amelisa,,,,,,,,,,,,Амеліса,Oanh Quyên
f_name.tanaya.815,Теромира,Selora,,Selora,,,,,,,,,,,,Селора,Oanh Vân
f_name.tanaya.816,Амелиса,Limena,,Limena,,,,,,,,,,,,Лімена,Oanh Thúy
f_name.tanaya.817,Селора,Fileona,,Fileona,,,,,,,,,,,,Філеона,Oanh Linh
f_name.tanaya.818,Лимена,Teremena,,Teremena,,,,,,,,,,,,Теремена,Oanh Bích
f_name.tanaya.819,Филеона,Lorema,,Lorema,,,,,,,,,,,,Лорема,Oanh Mơ
f_name.tanaya.820,Теремена,Derilla,,Derilla,,,,,,,,,,,,Дерілла,Oanh Tường
f_name.tanaya.821,Лорема,Artella,,Artella,,,,,,,,,,,,Артелла,Oanh Hương
f_name.tanaya.822,Дерилла,Filoma,,Filoma,,,,,,,,,,,,Філома,Oanh Nhiên
f_name.tanaya.823,Артелла,Lysandra,,Lysandra,,,,,,,,,,,,Лісандра,Oanh Thanh
f_name.tanaya.824,Филома,Thelonia,,Thelonia,,,,,,,,,,,,Телонія,Oanh Diệp
f_name.tanaya.825,Лориса,Perinthe,,Perinthe,,,,,,,,,,,,Перінте,Phương Thảo
f_name.tanaya.826,Демиса,Calimira,,Calimira,,,,,,,,,,,,Каліміра,Phúc Linh
f_name.tanaya.827,Теленда,Dorethea,,Dorethea,,,,,,,,,,,,Доротеа,Phượng Ngọc
f_name.tanaya.828,Серамира,Lyrisa,,Lyrisa,,,,,,,,,,,,Лірісса,Phương Nhi
f_name.tanaya.829,Лерилла,Melenia,,Melenia,,,,,,,,,,,,Меленія,Phúc Diệp
f_name.tanaya.830,Артемели,Thalissa,,Thalissa,,,,,,,,,,,,Талісса,Phượng Quyên
f_name.tanaya.831,Филориса,Peridora,,Peridora,,,,,,,,,,,,Перідора,Phương Mai
f_name.tanaya.832,Дерела,Calliste,,Calliste,,,,,,,,,,,,Калісте,Phúc Hương
f_name.tanaya.833,Леренда,Helinora,,Helinora,,,,,,,,,,,,Гелінора,Phượng Hạnh
f_name.tanaya.834,Терофа,Thesanthe,,Thesanthe,,,,,,,,,,,,Тезанте,Phương Yến
f_name.tanaya.835,Христили,Lirenia,,Lirenia,,,,,,,,,,,,Ліренія,Phúc Tuyết
f_name.tanaya.836,Домилла,Dionelle,,Dionelle,,,,,,,,,,,,Діонель,Phượng Thúy
f_name.tanaya.837,Лирила,Melanthe,,Melanthe,,,,,,,,,,,,Меланте,Phương Tâm
f_name.tanaya.838,Артелена,Cyranthe,,Cyranthe,,,,,,,,,,,,Кіранте,Phúc Nhi
f_name.tanaya.839,Филамена,Phaelora,,Phaelora,,,,,,,,,,,,Фелора,Phượng Đào
f_name.tanaya.840,Терелла,Lysimara,,Lysimara,,,,,,,,,,,,Лисімара,Phương Linh
f_name.tanaya.841,Лорилла,Theloria,,Theloria,,,,,,,,,,,,Телорія,Phúc Tường
f_name.tanaya.842,Деренда,Perinna,,Perinna,,,,,,,,,,,,Перінна,Phượng Hòa
f_name.tanaya.843,Филора,Doralette,,Doralette,,,,,,,,,,,,Доралете,Phương Quyên
f_name.tanaya.844,Терамира,Calidora,,Calidora,,,,,,,,,,,,Калдора,Phúc An
f_name.tanaya.845,Лиромена,Lysette,,Lysette,,,,,,,,,,,,Лісетт,Phượng Bích
f_name.tanaya.846,Демила,Thessina,,Thessina,,,,,,,,,,,,Тесінна,Phương Diệp
f_name.tanaya.847,Сирилла,Meloria,,Meloria,,,,,,,,,,,,Мелорія,Phúc Minh
f_name.tanaya.848,Артела,Cyrista,,Cyrista,,,,,,,,,,,,Циріста,Phượng Nhu
f_name.tanaya.849,Феламена,Phaelina,,Phaelina,,,,,,,,,,,,Феліна,Phương Hòa
f_name.tanaya.850,Терома,Lysandrae,,Lysandrae,,,,,,,,,,,,Лісандреа,Phúc Hạnh
f_name.tanaya.851,Лериселла,Thelomira,,Thelomira,,,,,,,,,,,,Таломіра,Phượng Thủy
f_name.tanaya.852,Дорема,Perithia,,Perithia,,,,,,,,,,,,Перитія,Phương Tường
f_name.tanaya.853,Филамила,Doraelle,,Doraelle,,,,,,,,,,,,Дореллі,Phúc Linh
f_name.tanaya.854,Лирена,Calianthe,,Calianthe,,,,,,,,,,,,Каліанте,Phượng Nhi
f_name.tanaya.855,Артемела,Lyselle,,Lyselle,,,,,,,,,,,,Лізель,Phương Thúy
f_name.tanaya.856,Теромена,Thessara,,Thessara,,,,,,,,,,,,Тессара,Phúc Quyên
f_name.tanaya.857,Селамена,Meldora,,Meldora,,,,,,,,,,,,Мельдора,Phượng Tuyết
f_name.tanaya.858,Демилла,Cyrinthe,,Cyrinthe,,,,,,,,,,,,Цирінте,Phương Nhu
f_name.tanaya.859,Фелома,Phaelyra,,Phaelyra,,,,,,,,,,,,Феліра,Phúc An
f_name.tanaya.860,Лирелла,Lysimira,,Lysimira,,,,,,,,,,,,Лісімра,Phượng Yến
f_name.tanaya.861,Теромина,Thelona,,Thelona,,,,,,,,,,,,Телона,Phương Hạnh
f_name.tanaya.862,Артела,Perilise,,Perilise,,,,,,,,,,,,Перріліза,Phúc Đào
f_name.tanaya.863,Филорена,Doranthea,,Doranthea,,,,,,,,,,,,Дорантея,Phượng Linh
f_name.tanaya.864,Лерамена,Calirene,,Calirene,,,,,,,,,,,,Калірен,Phương Diệp
f_name.tanaya.865,Терамила,Lysaette,,Lysaette,,,,,,,,,,,,Лізетт,Phúc Tâm
f_name.tanaya.866,Деромена,Thessinae,,Thessinae,,,,,,,,,,,,Тесінне,Phượng Hòa
f_name.tanaya.867,Лирисела,Melaena,,Melaena,,,,,,,,,,,,Мелена,Phương Quyên
f_name.voruns.868,Лана,Lana,,Lana,,,,,,,,,,,,Лана,Phúc Thủy
f_name.voruns.869,Белина,Belina,,Belina,,,,,,,,,,,,Беліна,Phượng Bích
f_name.voruns.870,Врана,Vrana,,Vrana,,,,,,,,,,,,Врана,Phương Tuyết
f_name.voruns.871,Дариса,Darisa,,Darisa,,,,,,,,,,,,Даріса,Phúc Linh
f_name.voruns.872,Елина,Elina,,Elina,,,,,,,,,,,,Еліна,Phượng Hương
f_name.voruns.873,Жора,Zhora,,Zhora,,,,,,,,,,,,Зіора,Phương Mai
f_name.voruns.874,Златка,Zlatka,,Zlatka,,,,,,,,,,,,Златка,Phúc Nhiên
f_name.voruns.875,Ирива,Iriva,,Iriva,,,,,,,,,,,,Іріва,Phượng Thanh
f_name.voruns.876,Касина,Kasina,,Kasina,,,,,,,,,,,,Казіна,Phương Thúy
f_name.voruns.877,Луда,Luda,,Luda,,,,,,,,,,,,Люда,Phúc Yến
f_name.voruns.878,Милана,Milana,,Milana,,,,,,,,,,,,Мілана,Phượng Quyên
f_name.voruns.879,Натила,Natila,,Natila,,,,,,,,,,,,Натіла,Phương Đan
f_name.voruns.880,Ориса,Orisa,,Orisa,,,,,,,,,,,,Оріса,Phúc Quyên
f_name.voruns.881,Перуна,Peruna,,Peruna,,,,,,,,,,,,Перуна,Phượng Thư
f_name.voruns.882,Радива,Radiva,,Radiva,,,,,,,,,,,,Радива,Phương Linh
f_name.voruns.883,Светка,Svetka,,Svetka,,,,,,,,,,,,Світка,Phúc Nhu
f_name.voruns.884,Труса,Trusa,,Trusa,,,,,,,,,,,,Труза,Phượng Hòa
f_name.voruns.885,Ураника,Uranika,,Uranika,,,,,,,,,,,,Ураніка,Quỳnh Thảo
f_name.voruns.886,Фела,Fela,,Fela,,,,,,,,,,,,Фела,Quế Nhi
f_name.voruns.887,Храна,Hrana,,Hrana,,,,,,,,,,,,Грана,Quỳnh Ngọc
f_name.voruns.888,Цвета,Tsveta,,Tsveta,,,,,,,,,,,,Квіта,Quỳnh Mai
f_name.voruns.889,Чара,Chara,,Chara,,,,,,,,,,,,Чара,Quế Diệp
f_name.voruns.890,Шана,Shana,,Shania,,,,,,,,,,,,Шана,Quỳnh Hương
f_name.voruns.891,Щедра,Shchedra,,Shchedra,,,,,,,,,,,,Щедра,Quế Thư
f_name.voruns.892,Эгорка,Egorka,,Egorka,,,,,,,,,,,,Ігоріка,Quỳnh Yến
f_name.voruns.893,Юмила,Yumila,,Yumila,,,,,,,,,,,,Юмила,Quế Hạnh
f_name.voruns.894,Ярина,Yarina,,Yarina,,,,,,,,,,,,Ярина,Quỳnh Tuyết
f_name.voruns.895,Верона,Verona,,Verona,,,,,,,,,,,,Верона,Quế Tâm
f_name.voruns.896,Граника,Granika,,Granika,,,,,,,,,,,,Граніка,Quỳnh Linh
f_name.voruns.897,Дома,Doma,,Doma,,,,,,,,,,,,Домма,Quế Nhu
f_name.voruns.898,Жива,Zhiva,,Zhiva,,,,,,,,,,,,Жива,Quỳnh Hòa
f_name.voruns.899,Златена,Zlatena,,Zlatena,,,,,,,,,,,,Златена,Quế Đào
f_name.voruns.900,Инга,Inga,,Inga,,,,,,,,,,,,Інґа,Quỳnh Thanh
f_name.voruns.901,Краса,Krasa,,Krasa,,,,,,,,,,,,Краса,Quế Minh
f_name.voruns.902,Луба,Luba,,Luba,,,,,,,,,,,,Люба,Quỳnh Bích
f_name.voruns.903,Малка,Malka,,Malka,,,,,,,,,,,,Малька,Quế Thúy
f_name.voruns.904,Неба,Neba,,Neba,,,,,,,,,,,,Неба,Quỳnh Diệp
f_name.voruns.905,Огняна,Ognyana,,Ognyana,,,,,,,,,,,,Огняна,Quế Quyên
f_name.voruns.906,Пламя,Plamya,,Plamya,,,,,,,,,,,,Пламія,Quỳnh Tường
f_name.voruns.907,Роза,Roza,,Roza,,,,,,,,,,,,Роза,Quế Lệ
f_name.voruns.908,Снежа,Snezha,,Snezha,,,,,,,,,,,,Сніжа,Quỳnh An
f_name.voruns.909,Тиха,Tikha,,Tikha,,,,,,,,,,,,Тиха,Quế Nhiên
f_name.voruns.910,Уделка,Udelka,,Udelka,,,,,,,,,,,,Любомира,Quỳnh Linh
f_name.voruns.911,Фира,Fira,,Fira,,,,,,,,,,,,Фіра,Quế Thủy
f_name.voruns.912,Хлебка,Khlebka,,Khlebka,,,,,,,,,,,,Хлібка,Quỳnh Vân
f_name.voruns.913,Цветка,Tsvetka,,Tsvetka,,,,,,,,,,,,Квітка,Quế Hương
f_name.voruns.914,Честила,Chestila,,Chestila,,,,,,,,,,,,Честила,Quỳnh Nhi
f_name.voruns.915,Шумелка,Shumelka,,Shumelka,,,,,,,,,,,,Шумілка,Quế Yến
f_name.voruns.916,Щастя,Schastya,,Schastya,,,,,,,,,,,,Щастія,Quỳnh Hạnh
f_name.voruns.917,Элька,Elka,,Elka,,,,,,,,,,,,Елка,Quế Diệp
f_name.voruns.918,Юнка,Yunka,,Yunka,,,,,,,,,,,,Юнка,Quỳnh Tâm
f_name.voruns.919,Ягода,Yagoda,,Yagoda,,,,,,,,,,,,Ягода,Quế Hòa
f_name.voruns.920,Белка,Belka,,Belka,,,,,,,,,,,,Білка,Quỳnh Quyên
f_name.voruns.921,Весна,Vesna,,Vesna,,,,,,,,,,,,Весная,Quế Thúy
f_name.voruns.922,Грозда,Grozda,,Grozda,,,,,,,,,,,,Ґрозда,Quỳnh Bích
f_name.voruns.923,Драга,Draga,,Draga,,,,,,,,,,,,Драґа,Quế Linh
f_name.voruns.924,Живка,Zhivka,,Zhivka,,,,,,,,,,,,Живка,Quỳnh Tuyết
f_name.voruns.925,Зоря,Zorya,,Zorya,,,,,,,,,,,,Зоря,Quế An
f_name.voruns.926,Искра,Iskra,,Iskra,,,,,,,,,,,,Іскрія,Quỳnh Mơ
f_name.voruns.927,Капка,Kapka,,Kapka,,,,,,,,,,,,Капія,Quế Nhu
f_name.voruns.928,Лада,Lada,,Lada,,,,,,,,,,,,Лада,Quỳnh Hòa
f_name.voruns.929,Мирона,Mirona,,Mirona,,,,,,,,,,,,Мірона,Quế Thư
f_name.voruns.930,Нада,Nada,,Nada,,,,,,,,,,,,Нада,Quỳnh Quyên
f_name.voruns.931,Окса,Oksa,,Oksa,,,,,,,,,,,,Окса,Quế Yến
f_name.voruns.932,Перла,Perla,,Perla,,,,,,,,,,,,Перла,Quỳnh Lệ
f_name.voruns.933,Радость,Radost,,Radost,,,,,,,,,,,,Радія,Quế Thanh
f_name.voruns.934,Светла,Svetla,,Svetla,,,,,,,,,,,,Світла,Quỳnh Minh
f_name.voruns.935,Тополя,Topolya,,Topolya,,,,,,,,,,,,Тополія,Quế Nhiên
f_name.voruns.936,Флора,Flora,,Flora,,,,,,,,,,,,Флора,Quỳnh Diệp
f_name.voruns.937,Хора,Hora,,Hora,,,,,,,,,,,,Гіора,Quế Tuyết
f_name.voruns.938,Царина,Tsarina,,Tsarina,,,,,,,,,,,,Царина,Quỳnh Linh
f_name.voruns.939,Чуда,Chuda,,Chuda,,,,,,,,,,,,Дивія,Quế Hạnh
f_name.voruns.940,Ширена,Shirena,,Shirena,,,,,,,,,,,,Сиренія,Quỳnh An
f_name.voruns.941,Щедрина,Shedrina,,Shedrina,,,,,,,,,,,,Щедрина,Quế Nhi
f_name.voruns.942,Эмела,Emela,,Emela,,,,,,,,,,,,Емела,Quỳnh Thủy
f_name.voruns.943,Юлита,Yulita,,Yulita,,,,,,,,,,,,Юліта,Quế Mai
f_name.voruns.944,Яна,Yana,,Yana,,,,,,,,,,,,Яана,Quỳnh Thúy
f_name.voruns.945,Вела,Vela,,Vela,,,,,,,,,,,,Вела,Rina Linh
f_name.voruns.946,Галика,Galika,,Galika,,,,,,,,,,,,Галіка,Rosa Thảo
f_name.voruns.947,Дива,Diva,,Diva,,,,,,,,,,,,Діва,Ruby Nhi
f_name.voruns.948,Жана,Zhana,,Zhana,,,,,,,,,,,,Жана,Rina Ngọc
f_name.voruns.949,Звезда,Zvezda,,Zvezda,,,,,,,,,,,,Зоряна,Rhea Diệp
f_name.voruns.950,Ириса,Irisa,,Irisa,,,,,,,,,,,,Іриса,Risa Quyên
f_name.voruns.951,Калина,Kalina,,Kalina,,,,,,,,,,,,Калина,Rita Hương
f_name.voruns.952,Лива,Liva,,Liva,,,,,,,,,,,,Ліва,Rosa Mai
f_name.voruns.953,Магда,Magda,,Magda,,,,,,,,,,,,Маґда,Rina Hạnh
f_name.voruns.954,Нива,Niva,,Niva,,,,,,,,,,,,Ніва,Ruby Yến
f_name.voruns.955,Оляна,Olyana,,Olyana,,,,,,,,,,,,Оляна,Rina Tâm
f_name.voruns.956,Поля,Polya,,Polya,,,,,,,,,,,,Полія,Rhea Nhu
f_name.voruns.957,Рада,Rada,,Rada,,,,,,,,,,,,Рада,Rita Hòa
f_name.voruns.958,Святка,Svyatka,,Svyatka,,,,,,,,,,,,Святка,Rosa Thúy
f_name.voruns.959,Тамара,Tamara,,Tamara,,,,,,,,,,,,Тамара,Rina Quyên
f_name.voruns.960,Федра,Fedra,,Fedra,,,,,,,,,,,,Федра,Ruby Linh
f_name.voruns.961,Хлора,Hlora,,Hlora,,,,,,,,,,,,Глора,Rhea Nhi
f_name.voruns.962,Цветела,Tsvetela,,Tsvetela,,,,,,,,,,,,Квітела,Rita Diệp
f_name.voruns.963,Чудеса,Chudesa,,Chudesa,,,,,,,,,,,,Чудія,Rosa Tuyết
f_name.voruns.964,Ширка,Shirka,,Shirka,,,,,,,,,,,,Мавія,Rina Lệ
f_name.voruns.965,Щепка,Shepka,,Shepka,,,,,,,,,,,,Шепка,Ruby Nhi
f_name.voruns.966,Эра,Era,,Era,,,,,,,,,,,,Ерра,Rina Quyên
f_name.voruns.967,Юна,Yuna,,Yuna,,,,,,,,,,,,Юнна,Rhea Linh
f_name.voruns.968,Белослава,Beloslava,,Beloslava,,,,,,,,,,,,Білослава,Rita Thủy
f_name.voruns.969,Веселина,Veselina,,Veselina,,,,,,,,,,,,Веселина,Rosa An
f_name.voruns.970,Гроза,Groza,,Roza,,,,,,,,,,,,Гроза,Ruby Diệp
f_name.voruns.971,Добринка,Dobrinka,,Dobrinka,,,,,,,,,,,,Добрина,Rina Thư
f_name.voruns.972,Живина,Zhivina,,Zhivina,,,,,,,,,,,,Живина,Rosa Hạnh
f_name.voruns.973,Златова,Zlatova,,Zlatova,,,,,,,,,,,,Златова,Rita Yến
f_name.voruns.974,Иска,Iska,,Iska,,,,,,,,,,,,Іска,Rhea Hòa
f_name.voruns.975,Ладомира,Lado,,Lado,,,,,,,,,,,,Ладо,Ruby Tuyết
f_name.voruns.976,Медена,Medena,,Medena,,,,,,,,,,,,Медена,Rina Mơ
f_name.voruns.977,Нивелина,Nivelina,,Nivelina,,,,,,,,,,,,Нівелина,Rosa Quyên
f_name.voruns.978,Огонька,Ogonka,,Ogonka,,,,,,,,,,,,Вогонька,Rhea Tâm
f_name.voruns.979,Пламенна,Plamenna,,Plamenna,,,,,,,,,,,,Пламена,Rita Thúy
f_name.voruns.980,Радмила,Radmila,,Radmila,,,,,,,,,,,,Радмила,Ruby Nhu
f_name.voruns.981,Слата,Slata,,Slata,,,,,,,,,,,,Слата,Rina Yến
f_name.voruns.982,Тихана,Tihana,,Tihana,,,,,,,,,,,,Тихана,Rosa Bích
f_name.voruns.983,Угонька,Ugonka,,Ugonka,,,,,,,,,,,,Угінька,Rhea Diệp
f_name.voruns.984,Фаина,Faina,,Faina,,,,,,,,,,,,Фаїна,Ruby Quyên
f_name.voruns.985,Храбра,Khrabra,,Khrabra,,,,,,,,,,,,Хробра,Rina Linh
f_name.voruns.986,Цветомира,Tsvetomira,,Tsvetomira,,,,,,,,,,,,Светомира,Rosa Lệ
f_name.voruns.987,Честа,Chesta,,Chesta,,,,,,,,,,,,Честія,Rita Nhi
f_name.voruns.988,Шумна,Shumna,,Shumna,,,,,,,,,,,,Шумія,Rhea Quyên
f_name.voruns.989,Щедрата,Shedrata,,Shedrata,,,,,,,,,,,,Щедрана,Ruby Hòa
f_name.voruns.990,Ярославна,Yaroslavna,,Yaroslavna,,,,,,,,,,,,Ярославна,Rina Thúy
f_name.voruns.991,Верба,Verba,,Verba,,,,,,,,,,,,Вербина,Rosa Thủy
f_name.voruns.992,Горана,Gorana,,Gorana,,,,,,,,,,,,Ґорана,Rita Diệp
f_name.voruns.993,Душанка,Dushanka,,Dushanka,,,,,,,,,,,,Душонька,Rhea Yến
f_name.voruns.994,Жета,Zheta,,Zheta,,,,,,,,,,,,Жвета,Ruby Linh
f_name.voruns.995,Зорена,Zorena,,Zorena,,,,,,,,,,,,Зорена,Rina Tuyết
f_name.voruns.996,Изборка,Izborka,,Izborka,,,,,,,,,,,,Ізборка,Rosa Nhu
f_name.voruns.997,Любава,Lyubava,,Lyubava,,,,,,,,,,,,Любава,Rita Hạnh
f_name.voruns.998,Мирослава,Miroslava,,Miroslava,,,,,,,,,,,,Мирослава,Ruby Quyên
f_name.voruns.999,Небеса,Nebesa,,Nebesa,,,,,,,,,,,,Небеса,Rhea Thư
f_name.voruns.1000,Огнянка,Ognyanka,,Ognyanka,,,,,,,,,,,,Огнянка,Rina Nhi
f_name.voruns.1001,Правда,Pravda,,Pravda,,,,,,,,,,,,Правдина,Rosa Hòa
f_name.voruns.1002,Роса,Rosa,,Rosa,,,,,,,,,,,,Роса,Rita Thúy
f_name.voruns.1003,Светозара,Svetozara,,Svetozara,,,,,,,,,,,,Світозара,Ruby Nhi
f_name.voruns.1004,Трудолюба,Trudolyuba,,Trudolyuba,,,,,,,,,,,,Трудолюба,Rhea Linh
f_name.voruns.1005,Усмиха,Usmikha,,Usmikha,,,,,,,,,,,,Усміха,Sương Thảo
f_name.voruns.1006,Фиалка,Fialka,,Fialka,,,,,,,,,,,,Фіялка,Sương Nhi
f_name.voruns.1007,Хоругва,Khorugva,,Khorugva,,,,,,,,,,,,Хоругва,Sâm Ngọc
f_name.voruns.1008,Цветанка,Tsvetanka,,Tsvetanka,,,,,,,,,,,,Квітана,Sương Mai
f_name.voruns.1009,Чаруня,Charunya,,Charunya,,,,,,,,,,,,Чариня,Sâm Diệp
f_name.voruns.1010,Шипка,Shipka,,Shipka,,,,,,,,,,,,Шіпка,Sương Hương
f_name.voruns.1011,Щитомира,Shitomira,,Shitomira,,,,,,,,,,,,Шитоміра,Sâm Quyên
f_name.voruns.1012,Ягния,Yagniya,,Yagniya,,,,,,,,,,,,Ягнія,Sương Linh
f_name.voruns.1013,Владава,Vladava,,Vladava,,,,,,,,,,,,Владава,Sâm Hạnh
f_name.voruns.1014,Граничка,Granichka,,Granichka,,,,,,,,,,,,Граничка,Sương Tuyết
f_name.voruns.1015,Драголюба,Dragolyuba,,Dragolyuba,,,,,,,,,,,,Драголюба,Sâm Yến
f_name.voruns.1016,Жеравна,Zheravna,,Zheravna,,,,,,,,,,,,Жеравна,Sương Tâm
f_name.voruns.1017,Златина,Zlatina,,Zlatina,,,,,,,,,,,,Златина,Sâm Thư
f_name.voruns.1018,Иванка,Ivanka,,Ivanka,,,,,,,,,,,,Іванка,Sương Đào
f_name.voruns.1019,Каменка,Kamenka,,Kamenka,,,,,,,,,,,,Камінка,Sâm Bích
f_name.voruns.1020,Любозара,Lyubozara,,Lyubozara,,,,,,,,,,,,Любозара,Sương Quyên
f_name.voruns.1021,Милослава,Miloslava,,Miloslava,,,,,,,,,,,,Мілослава,Sâm Tường
f_name.voruns.1022,Надежда,Nadezhda,,Nadezhda,,,,,,,,,,,,Надія,Sương Hòa
f_name.voruns.1023,Отрада,Otrada,,Otrada,,,,,,,,,,,,Відрада,Sâm Linh
f_name.voruns.1024,Полюба,Polyuba,,Polyuba,,,,,,,,,,,,Полюба,Sương Nhu
f_name.voruns.1025,Родина,Rodina,,Rodina,,,,,,,,,,,,Родина,Sâm Thúy
f_name.voruns.1026,Светуля,Svetulya,,Svetulya,,,,,,,,,,,,Світлана,Sương Yến
f_name.voruns.1027,Творима,Tvara,,Tvara,,,,,,,,,,,,Івара,Sâm Hòa
f_name.voruns.1028,Удила,Udila,,Udila,,,,,,,,,,,,Уділа,Sương Lệ
f_name.voruns.1029,Фауста,Fausta,,Fausta,,,,,,,,,,,,Фаюста,Sâm Minh
f_name.voruns.1030,Храбрица,Khrabritsa,,Khrabritsa,,,,,,,,,,,,Храбриця,Sương Vân
f_name.voruns.1031,Цветелица,Tsvetelitsa,,Tsvetelitsa,,,,,,,,,,,,Квітоліса,Sâm Quyên
f_name.voruns.1032,Честлива,Chestliva,,Chestliva,,,,,,,,,,,,Честива,Sương Diệp
f_name.voruns.1033,Ширенка,Shirenka,,Shirenka,,,,,,,,,,,,Сирена,Sâm Nhi
f_name.voruns.1034,Щедрица,Shedritsa,,Shedritsa,,,,,,,,,,,,Щедриця,Sương Hạnh
f_name.voruns.1035,Яворина,Yavorina,,Yavorina,,,,,,,,,,,,Яворина,Sâm Thủy
f_name.voruns.1036,Весничка,Vesnichka,,Vesnichka,,,,,,,,,,,,Весничка,Sương An
f_name.voruns.1037,Горица,Goritsa,,Goritsa,,,,,,,,,,,,Гориця,Sâm Mơ
f_name.voruns.1038,Домозара,Domozara,,Domozara,,,,,,,,,,,,Домозара,Sương Nhiên
f_name.voruns.1039,Житомира,Zhitomira,,Zhitomira,,,,,,,,,,,,Житоміра,Sâm Lệ
f_name.voruns.1040,Зорица,Zoritsa,,Zoritsa,,,,,,,,,,,,Зориця,Sương Thanh
f_name.voruns.1041,Игната,Ignata,,Ignata,,,,,,,,,,,,Ігната,Sâm Tuyết
f_name.voruns.1042,Крепоста,Krepost,,Krepost,,,,,,,,,,,,Фортинія,Sương Thúy
f_name.voruns.1043,Лесина,Lesina,,Lesina,,,,,,,,,,,,Лесіна,Sâm Nhu
f_name.voruns.1044,Милованка,Milovanka,,Milovanka,,,,,,,,,,,,Мілованка,Sương Quyên
f_name.voruns.1045,Неделя,Nedelya,,Nedelya,,,,,,,,,,,,Неделія,Sâm Diệp
f_name.voruns.1046,Отгоня,Otrada,,Otrada,,,,,,,,,,,,Одрада,Sương Yến
f_name.voruns.1047,Перунка,Perunka,,Perunka,,,,,,,,,,,,Перунка,Sâm Thư
f_name.voruns.1048,Родослава,Rodoslava,,Rodoslava,,,,,,,,,,,,Родослава,Sương Linh
f_name.voruns.1049,Силава,Silava,,Silava,,,,,,,,,,,,Силава,Sâm Hương
f_name.voruns.1050,Тверда,Tverda,,Tverda,,,,,,,,,,,,Твердина,Sương Quyên
f_name.voruns.1051,Усилка,Usilka,,Usilka,,,,,,,,,,,,Усілка,Sâm Nhi
f_name.voruns.1052,Филимона,Filimona,,Filimona,,,,,,,,,,,,Філімона,Sương Thúy
f_name.voruns.1053,Хвала,Khvala,,Khvala,,,,,,,,,,,,Хвала,Sâm Hòa
f_name.voruns.1054,Царевна,Tsarevna,,Tsarevna,,,,,,,,,,,,Царівна,Sương Tuyết
f_name.voruns.1055,Чудница,Chudnitsa,,Chudnitsa,,,,,,,,,,,,Чудниця,Sâm Quyên
f_name.voruns.1056,Шепотка,Shepotka,,Shepotka,,,,,,,,,,,,Щепія,Sương Nhu
f_name.voruns.1057,Щитка,Shchitka,,Shchitka,,,,,,,,,,,,Чистолюба,Sâm Linh
f_name.voruns.1058,Яблока,Yabloka,,Yabloka,,,,,,,,,,,,Яблунія,Sương An
f_name.voruns.1059,Ветрова,Veta,,Veta,,,,,,,,,,,,Віта,Sâm Hạnh
f_name.voruns.1060,Громова,Gromova,,Gromova,,,,,,,,,,,,Громовія,Sương Thủy
f_name.voruns.1061,Дунява,Dunyava,,Dunyava,,,,,,,,,,,,Дунява,Sâm Yến
f_name.voruns.1062,Живова,Zhivova,,Zhivova,,,,,,,,,,,,Живовія,Sương Quyên
f_name.voruns.1063,Знамена,Znamena,,Znamena,,,,,,,,,,,,Знамена,Sâm Mơ
f_name.voruns.1064,Искрица,Iskritsa,,Iskritsa,,,,,,,,,,,,Іскрина,Sương Thúy
f_name.voruns.1065,Крумина,Krumina,,Krumina,,,,,,,,,,,,Круміна,Trang Thảo
f_name.voruns.1066,Лета,Leta,,Leta,,,,,,,,,,,,Лета,Thảo Nhi
f_name.voruns.1067,Мечта,Mechta,,Mechta,,,,,,,,,,,,Мрія,Thanh Ngọc
f_name.makha.1068,Нефера,Nefere,,Nefere,,,,,,,,,,,,Нефере,Trâm Mai
f_name.makha.1069,Амонет,Amonet,,Amonet,,,,,,,,,,,,Амонет,Thúy Diệp
f_name.makha.1070,Исетра,Isetra,,Isetra,,,,,,,,,,,,Ісетра,Thu Quyên
f_name.makha.1071,Осирена,Osirena,,Osirena,,,,,,,,,,,,Озірена,Thùy Hương
f_name.makha.1072,Бастета,Basteta,,Basteta,,,,,,,,,,,,Бастета,Trang Linh
f_name.makha.1073,Хатхора,Hathora,,Hathora,,,,,,,,,,,,Гатора,Thảo Hạnh
f_name.makha.1074,Маатка,Maatka,,Maatka,,,,,,,,,,,,Маат,Thúy Tuyết
f_name.makha.1075,Секмета,Sekmeta,,Sekmeta,,,,,,,,,,,,Секмета,Thảo Tâm
f_name.makha.1076,Таурет,Tauret,,Tauret,,,,,,,,,,,,Таурет,Thanh Bích
f_name.makha.1077,Анубет,Anubet,,Anubet,,,,,,,,,,,,Анубет,Thùy Yến
f_name.makha.1078,Рахера,Rahera,,Rahera,,,,,,,,,,,,Рагера,Trâm Nhi
f_name.makha.1079,Сетиса,Setisa,,Setisa,,,,,,,,,,,,Сетиса,Thanh Diệp
f_name.makha.1080,Хорнет,Hornet,,Hornet,,,,,,,,,,,,Хорнея,Thu Hòa
f_name.makha.1081,Тотка,Totka,,Totka,,,,,,,,,,,,Тота,Thảo Linh
f_name.makha.1082,Птахира,Ptahira,,Ptahira,,,,,,,,,,,,Птахіра,Thúy Quyên
f_name.makha.1083,Имхотепа,Imhotepa,,Imhotepa,,,,,,,,,,,,Імхотепа,Trang Nhi
f_name.makha.1084,Атенара,Atenara,,Atenara,,,,,,,,,,,,Атенара,Thanh Quyên
f_name.makha.1085,Собека,Sobeka,,Sobeka,,,,,,,,,,,,Собека,Thảo An
f_name.makha.1086,Мутнет,Mutnet,,Mutnet,,,,,,,,,,,,Мутнет,Thúy Thư
f_name.makha.1087,Кеприра,Kepriera,,Kepriera,,,,,,,,,,,,Кепріера,Thùy Nhi
f_name.makha.1088,Нунера,Nuneera,,Nuneera,,,,,,,,,,,,Нунеера,Trâm Đào
f_name.makha.1089,Хапира,Hapira,,Hapira,,,,,,,,,,,,Гапіра,Thảo Vân
f_name.makha.1090,Шуанка,Shuanka,,Shuanka,,,,,,,,,,,,Шанка,Thanh Nhu
f_name.makha.1091,Тефнута,Tefnuta,,Tefnuta,,,,,,,,,,,,Тефнута,Thu Tường
f_name.makha.1092,Жезефа,Jezefa,,Jezefa,,,,,,,,,,,,Йезефа,Thúy Mơ
f_name.makha.1093,Рененет,Renenet,,Renenet,,,,,,,,,,,,Рененет,Thảo Thúy
f_name.makha.1094,Нейта,Neita,,Neita,,,,,,,,,,,,Нейта,Trâm Hạnh
f_name.makha.1095,Ваджет,Vadget,,Vadget,,,,,,,,,,,,Вадґет,Thanh Linh
f_name.makha.1096,Хефнут,Hefnut,,Hefnut,,,,,,,,,,,,Нефнут,Thúy Nhu
f_name.makha.1097,Серкета,Serketa,,Serketa,,,,,,,,,,,,Серкета,Thu Quyên
f_name.makha.1098,Менхит,Menhit,,Menhit,,,,,,,,,,,,Менгіт,Thảo Yến
f_name.makha.1099,Хеват,Hevat,,Hevat,,,,,,,,,,,,Геват,Thùy Diệp
f_name.makha.1100,Нептиса,Neptisa,,Neptisa,,,,,,,,,,,,Нептіса,Trang Hòa
f_name.makha.1101,Сатетка,Satetka,,Satetka,,,,,,,,,,,,Сатетка,Thảo Quyên
f_name.makha.1102,Уаджет,Wadget,,Wadget,,,,,,,,,,,,Ведгет,Thúy An
f_name.makha.1103,Меритра,Meritra,,Meritra,,,,,,,,,,,,Меритра,Thu Linh
f_name.makha.1104,Иснофра,Isnofra,,Isnofra,,,,,,,,,,,,Ізнофра,Thanh Thủy
f_name.makha.1105,Сешата,Seshata,,Seshata,,,,,,,,,,,,Сешата,Thảo Tường
f_name.makha.1106,Танитра,Tanitra,,Tanitra,,,,,,,,,,,,Танітра,Thúy Lệ
f_name.makha.1107,Херура,Herura,,Herura,,,,,,,,,,,,Герура,Thùy Quyên
f_name.makha.1108,Неитра,Neitra,,Neitra,,,,,,,,,,,,Нейтра,Trang Mơ
f_name.makha.1109,Махеса,Mahesa,,Mahesa,,,,,,,,,,,,Магеса,Thảo Đan
f_name.makha.1110,Бенбена,Benbena,,Benbena,,,,,,,,,,,,Бенбена,Thúy Bích
f_name.makha.1111,Ашера,Ashera,,Ashera,,,,,,,,,,,,Ашера,Thùy Hòa
f_name.makha.1112,Ураеуса,Uraeusa,,Uraeusa,,,,,,,,,,,,Юроса,Thanh Thúy
f_name.makha.1113,Пакетра,Paketra,,Paketra,,,,,,,,,,,,Пакетра,Trâm Nhu
f_name.makha.1114,Рертра,Rertra,,Rertra,,,,,,,,,,,,Ретра,Thảo Quyên
f_name.makha.1115,Шешата,Sheshata,,Sheshata,,,,,,,,,,,,Шешата,Thúy Yến
f_name.makha.1116,Утжата,Utjata,,Utjata,,,,,,,,,,,,Утьята,Thanh Thư
f_name.makha.1117,Наунет,Naunet,,Naunet,,,,,,,,,,,,Нонет,Thùy Nhi
f_name.makha.1118,Аменра,Amenra,,Amenra,,,,,,,,,,,,Аменра,Trang Quyên
f_name.makha.1119,Хедора,Hedora,,Hedora,,,,,,,,,,,,Гедора,Thảo Linh
f_name.makha.1120,Мафдет,Mafdet,,Mafdet,,,,,,,,,,,,Мафдет,Thúy Diệp
f_name.makha.1121,Хумбет,Humbet,,Humbet,,,,,,,,,,,,Гумбет,Thùy Tâm
f_name.makha.1122,Сафека,Safeka,,Safeka,,,,,,,,,,,,Сафека,Thanh Quyên
f_name.makha.1123,Беннура,Bennura,,Bennura,,,,,,,,,,,,Бенура,Thu Thúy
f_name.makha.1124,Атумет,Atumet,,Atumet,,,,,,,,,,,,Атумет,Trâm Linh
f_name.makha.1125,Хнумра,Khnumra,,Khnumra,,,,,,,,,,,,Хнумра,Uyên Linh
f_name.makha.1126,Хонтхор,Khonthor,,Khonthor,,,,,,,,,,,,Хонтор,Uân Thảo
f_name.makha.1127,Секера,Sekera,,Sekera,,,,,,,,,,,,Секера,Umi Nhi
f_name.makha.1128,Апопет,Apopet,,Apopet,,,,,,,,,,,,Апопет,Út Hương
f_name.makha.1129,Некбета,Nekbeta,,Nekbeta,,,,,,,,,,,,Некбета,Uyên Mai
f_name.makha.1130,Рахора,Rahora,,Rahora,,,,,,,,,,,,Рагора,Út Diệp
f_name.makha.1131,Мехитра,Mehitra,,Mehitra,,,,,,,,,,,,Мегитра,Uân Quyên
f_name.makha.1132,Уреха,Ureha,,Ureha,,,,,,,,,,,,Урега,Uyên Tâm
f_name.makha.1133,Гебнера,Gebnera,,Gebnera,,,,,,,,,,,,Гебнера,Út Hạnh
f_name.makha.1134,Нутера,Nutera,,Nutera,,,,,,,,,,,,Нутерра,Umi Yến
f_name.makha.1135,Шая,Shaya,,Shaya,,,,,,,,,,,,Шайя,Uyên Thư
f_name.makha.1136,Хеджета,Hedegeta,,Hedegeta,,,,,,,,,,,,Гедеґета,Út Linh
f_name.makha.1137,Таурета,Taureta,,Taureta,,,,,,,,,,,,Таурета,Uân Diệp
f_name.makha.1138,Иусасек,Iusasek,,Iusasek,,,,,,,,,,,,Юзазек,Uyên Nhi
f_name.makha.1139,Баалат,Baalat,,Baalat,,,,,,,,,,,,Баалат,Út Tuyết
f_name.makha.1140,Ренпета,Renpeta,,Renpeta,,,,,,,,,,,,Ренпета,Umi Nhu
f_name.makha.1141,Онуриса,Onurisa,,Onurisa,,,,,,,,,,,,Онуріса,Uyên Bích
f_name.makha.1142,Хатмехи,Hatmehi,,Hatmehi,,,,,,,,,,,,Гатмегі,Út Hòa
f_name.makha.1143,Саркиса,Sarkisa,,Sarkisa,,,,,,,,,,,,Заркіса,Uân Tường
f_name.makha.1144,Нефтиса,Neftisa,,Neftisa,,,,,,,,,,,,Нефтіза,Uyên Quyên
f_name.makha.1145,Птахсена,Ptahsena,,Ptahsena,,,,,,,,,,,,Птасена,Út Nhi
f_name.makha.1146,Уазитра,Wazitra,,Wazitra,,,,,,,,,,,,Вазітра,Umi Linh
f_name.makha.1147,Сопдета,Sopdeta,,Sopdeta,,,,,,,,,,,,Сопдета,Út Thúy
f_name.makha.1148,Мернефа,Mernefa,,Mernefa,,,,,,,,,,,,Мернефа,Uyên Đào
f_name.makha.1149,Шепсет,Shepset,,Shepset,,,,,,,,,,,,Шепсет,Uân Mơ
f_name.makha.1150,Небтхот,Nebkhot,,Nebkhot,,,,,,,,,,,,Небхот,Út Quyên
f_name.makha.1151,Раттауи,Rattawi,,Rattawi,,,,,,,,,,,,Ратаві,Uyên Nhu
f_name.makha.1152,Бааста,Baasta,,Baasta,,,,,,,,,,,,Бааста,Umi Tâm
f_name.makha.1153,Темнет,Temnet,,Temnet,,,,,,,,,,,,Темнет,Út Lệ
f_name.makha.1154,Аменира,Amenira,,Amenira,,,,,,,,,,,,Аменіра,Uyên Thúy
f_name.makha.1155,Менкара,Menkara,,Menkara,,,,,,,,,,,,Менкара,Uân Yến
f_name.makha.1156,Сатера,Satera,,Satera,,,,,,,,,,,,Сатера,Út Diệp
f_name.makha.1157,Хапера,Hapera,,Hapera,,,,,,,,,,,,Гапера,Uyên Hòa
f_name.makha.1158,Некхбета,Nekhbta,,Nekhbta,,,,,,,,,,,,Нехта,Umi Quyên
f_name.makha.1159,Мерсека,Merska,,Merska,,,,,,,,,,,,Мерска,Út Thủy
f_name.makha.1160,Онфиса,Onfisa,,Onfisa,,,,,,,,,,,,Онфіса,Uyên Linh
f_name.makha.1161,Ратта,Ratta,,Rattet,,,,,,,,,,,,Ратта,Uân Hạnh
f_name.makha.1162,Шешера,Shesera,,Shesera,,,,,,,,,,,,Шезера,Út Tường
f_name.makha.1163,Тефнура,Tefnura,,Tefnura,,,,,,,,,,,,Тефнура,Umi Nhi
f_name.makha.1164,Хеватра,Hevatra,,Hevatra,,,,,,,,,,,,Геватра,Út Thanh
f_name.makha.1165,Махера,Maherera,,Maherera,,,,,,,,,,,,Магерера,Uyên Diệp
f_name.makha.1166,Хефсера,Hefsera,,Hefsera,,,,,,,,,,,,Гефсера,Uân Bích
f_name.makha.1167,Сетера,Setera,,Setera,,,,,,,,,,,,Сетера,Út Quyên
f_name.makha.1168,Анхнет,Ankhnet,,Ankhnet,,,,,,,,,,,,Анхнет,Uyên Nhi
f_name.makha.1169,Бехенра,Behenra,,Behenra,,,,,,,,,,,,Бегенра,Umi Thúy
f_name.makha.1170,Сафрана,Safrana,,Safrana,,,,,,,,,,,,Сафрана,Út Linh
f_name.makha.1171,Тефтра,Teftra,,Teftra,,,,,,,,,,,,Тефтра,Uân Tâm
f_name.makha.1172,Хефнера,Hefnera,,Hefnera,,,,,,,,,,,,Гефнера,Uyên Nhu
f_name.makha.1173,Именетра,Imenetra,,Imenetra,,,,,,,,,,,,Іменетра,Út Yến
f_name.makha.1174,Нефтуре,Nefture,,Nefture,,,,,,,,,,,,Нефтуре,Umi Quyên
f_name.makha.1175,Осирнет,Osirnet,,Osirnet,,,,,,,,,,,,Озірнет,Út Hương
f_name.makha.1176,Маахера,Maahera,,Maahera,,,,,,,,,,,,Маагера,Uyên Đan
f_name.makha.1177,Сенусра,Senusra,,Senusra,,,,,,,,,,,,Зенусра,Uân Lệ
f_name.makha.1178,Птутра,Ptutra,,Ptutra,,,,,,,,,,,,Птутра,Út Mơ
f_name.makha.1179,Абира,Abira,,Abira,,,,,,,,,,,,Абіра,Umi Linh
f_name.makha.1180,Исетнет,Isetnet,,Isetnet,,,,,,,,,,,,Ісетнет,Út Nhiên
f_name.makha.1181,Хатхера,Hathera,,Hathera,,,,,,,,,,,,Гатера,Uyên Thủy
f_name.makha.1182,Меретра,Meretra,,Meretra,,,,,,,,,,,,Меретра,Uân Quyên
f_name.makha.1183,Нуитра,Nuitra,,Nuitra,,,,,,,,,,,,Нуітра,Út Tuyết
f_name.makha.1184,Сектетра,Sektetra,,Sektetra,,,,,,,,,,,,Сектетра,Umi Yến
f_name.makha.1185,Амунера,Amunera,,Amunera,,,,,,,,,,,,Амунера,Vân Thảo
f_name.makha.1186,Бастера,Bastera,,Bastera,,,,,,,,,,,,Бастера,Vân Nhi
f_name.makha.1187,Онкнет,Onknet,,Onknet,,,,,,,,,,,,Онкнет,Vũ Ngọc
f_name.makha.1188,Раура,Raura,,Raura,,,,,,,,,,,,Раура,Vân Mai
f_name.makha.1189,Таунет,Taunet,,Taunet,,,,,,,,,,,,Таунет,Vy Diệp
f_name.makha.1190,Хорура,Horura,,Horura,,,,,,,,,,,,Горура,Vân Quyên
f_name.makha.1191,Имхетра,Imhetra,,Imhetra,,,,,,,,,,,,Імгетра,Vũ Hương
f_name.makha.1192,Нубета,Nubeta,,Nubeta,,,,,,,,,,,,Анубета,Vy Tâm
f_name.makha.1193,Сетера,Setera,,Setera,,,,,,,,,,,,Сетера,Vân Linh
f_name.makha.1194,Атумна,Atumna,,Atumna,,,,,,,,,,,,Атумна,Vũ Hạnh
f_name.makha.1195,Маатнет,Maatnet,,Maatnet,,,,,,,,,,,,Маатнет,Vy Yến
f_name.makha.1196,Перетра,Peretra,,Peretra,,,,,,,,,,,,Перетра,Vân Tuyết
f_name.makha.1197,Рахорра,Rahorra,,Rahorra,,,,,,,,,,,,Рагорра,Vũ Thư
f_name.makha.1198,Таурнет,Taurnet,,Taurnet,,,,,,,,,,,,Торнет,Vy Nhi
f_name.makha.1199,Утатра,Utatra,,Utatra,,,,,,,,,,,,Утатра,Vân Hòa
f_name.makha.1200,Ваджера,Vadgera,,Vadgera,,,,,,,,,,,,Вадґера,Vũ Linh
f_name.makha.1201,Жезетра,Jezetra,,Jezetra,,,,,,,,,,,,Йезетра,Vân Đào
f_name.makha.1202,Кефера,Kefera,,Kefera,,,,,,,,,,,,Кефера,Vy Thúy
f_name.makha.1203,Лунетра,Lunetra,,Lunetra,,,,,,,,,,,,Лунетра,Vũ Diệp
f_name.makha.1204,Менхетра,Menhetra,,Menhetra,,,,,,,,,,,,Менгетра,Vân Thanh
f_name.makha.1205,Нептра,Neptera,,Neptera,,,,,,,,,,,,Нептера,Vy Quyên
f_name.makha.1206,Онетра,Onetra,,Onetra,,,,,,,,,,,,Онетра,Vũ Nhu
f_name.makha.1207,Птанет,Ptanet,,Ptanet,,,,,,,,,,,,Птанет,Vân Mơ
f_name.makha.1208,Рерутра,Rerutra,,Rerutra,,,,,,,,,,,,Ретутра,Vy Hạnh
f_name.makha.1209,Секменра,Sekmenra,,Sekmenra,,,,,,,,,,,,Секменра,Vũ Tường
f_name.makha.1210,Тауриса,Taurisa,,Taurisa,,,,,,,,,,,,Торісра,Vân Nhu
f_name.makha.1211,Хаптра,Haptra,,Haptra,,,,,,,,,,,,Гаптра,Vy Linh
f_name.makha.1212,Иусетра,Iusetra,,Iusetra,,,,,,,,,,,,Юзетра,Vũ Thủy
f_name.makha.1213,Махера,Mahera,,Mahera,,,,,,,,,,,,Магера,Vân Quyên
f_name.makha.1214,Нефера,Nefere,,Nefere,,,,,,,,,,,,Нефере,Vy Diệp
f_name.makha.1215,Осирена,Osirena,,Osirena,,,,,,,,,,,,Озірена,Vũ Tuyết
f_name.makha.1216,Птахера,Ptahera,,Ptahera,,,,,,,,,,,,Птагера,Vân Yến
f_name.makha.1217,Раура,Raure,,Raure,,,,,,,,,,,,Ройре,Vũ An
f_name.makha.1218,Сенетра,Senetra,,Senetra,,,,,,,,,,,,Сенетра,Vy Thúy
f_name.makha.1219,Таутра,Tautra,,Tautra,,,,,,,,,,,,Таутра,Vân Hương
f_name.makha.1220,Уазера,Wazera,,Wazera,,,,,,,,,,,,Вазера,Vũ Quyên
f_name.makha.1221,Исетера,Isetera,,Isetera,,,,,,,,,,,,Ісетера,Vy Đào
f_name.makha.1222,Менатра,Menatra,,Menatra,,,,,,,,,,,,Менатра,Vân Thúy
f_name.makha.1223,Нунера,Nuneera,,Nuneera,,,,,,,,,,,,Нунеера,Vũ Yến
f_name.makha.1224,Онкнет,Onknet,,Onknet,,,,,,,,,,,,Онкнет,Vân Linh
f_name.makha.1225,Птуретра,Pturetra,,Pturetra,,,,,,,,,,,,Птуетра,Vy Tâm
f_name.makha.1226,Рахера,Rahera,,Rahera,,,,,,,,,,,,Рагера,Vũ Thanh
f_name.makha.1227,Серкетра,Serketra,,Serketra,,,,,,,,,,,,Серкетра,Vân Thủy
f_name.makha.1228,Таутера,Tautera,,Tautera,,,,,,,,,,,,Тотера,Vy Nhi
f_name.makha.1229,Унетра,Unetra,,Unetra,,,,,,,,,,,,Унетра,Vũ Mơ
f_name.makha.1230,Вахетра,Vahetra,,Vahetra,,,,,,,,,,,,Вагетра,Vân Lệ
f_name.makha.1231,Жезера,Jezeretra,,Jezeretra,,,,,,,,,,,,Йезеретра,Vy Hòa
f_name.makha.1232,Кепретра,Kepretra,,Kepretra,,,,,,,,,,,,Кепретра,Vũ Hạnh
f_name.makha.1233,Лунтра,Luntra,,Luntra,,,,,,,,,,,,Лунтра,Vân Quyên
f_name.makha.1234,Меркетра,Merketra,,Merketra,,,,,,,,,,,,Меркета,Vy Yến
f_name.makha.1235,Нептисра,Neptisra,,Neptisra,,,,,,,,,,,,Нептизра,Vũ Diệp
f_name.makha.1236,Онтра,Ontra,,Ontra,,,,,,,,,,,,Онтра,Vân Nhi
f_name.makha.1237,Птунет,Ptunet,,Ptunet,,,,,,,,,,,,Птунет,Vy Thúy
f_name.makha.1238,Ренетра,Renetra,,Renetra,,,,,,,,,,,,Ренетра,Vũ Quyên
f_name.makha.1239,Серера,Serera,,Serera,,,,,,,,,,,,Серера,Vân Tường
f_name.makha.1240,Таура,Taura,,Taura,,,,,,,,,,,,Таура,Vy Đan
f_name.makha.1241,Хепетра,Hepeutra,,Hepeutra,,,,,,,,,,,,Гепеутра,Vũ Nhi
f_name.makha.1242,Исенет,Isenet,,Isenet,,,,,,,,,,,,Ізенет,Vân Nhu
f_name.makha.1243,Махтра,Makhtra,,Makhtra,,,,,,,,,,,,Махтра,Vy Yến
f_name.makha.1244,Нефтисра,Neftisra,,Neftisra,,,,,,,,,,,,Нефтізра,Vũ Linh
f_name.makha.1245,Оснет,Osnet,,Osnet,,,,,,,,,,,,Ознет,Xuân Thảo
f_name.makha.1246,Птахнет,Ptahnet,,Ptahnet,,,,,,,,,,,,Птахнет,Xuyến Nhi
f_name.makha.1247,Ратра,Ratra,,Ratra,,,,,,,,,,,,Ратра,Xí Ngọc
f_name.makha.1248,Сентра,Sentra,,Sentra,,,,,,,,,,,,Зентра,Xuân Mai
f_name.makha.1249,Тефнет,Tefnet,,Tefnet,,,,,,,,,,,,Тефнет,Xuyến Diệp
f_name.makha.1250,Уазтра,Waztra,,Waztra,,,,,,,,,,,,Вазтра,Xí Quyên
f_name.makha.1251,Исетна,Isetna,,Isetna,,,,,,,,,,,,Ізетна,Xuân Hương
f_name.makha.1252,Менат,Menat,,Menat,,,,,,,,,,,,Менат,Xuyến Linh
f_name.makha.1253,Нубтра,Nubtra,,Nubtra,,,,,,,,,,,,Нубтра,Xuân Hạnh
f_name.makha.1254,Осирет,Osiret,,Osiret,,,,,,,,,,,,Озірет,Xí Tuyết
f_name.makha.1255,Птурет,Pturet,,Pturet,,,,,,,,,,,,Птует,Xuân Tâm
f_name.makha.1256,Рахет,Rahet,,Rahet,,,,,,,,,,,,Рагет,Yến Thảo
f_name.makha.1257,Серкет,Serket,,Serket,,,,,,,,,,,,Серкет,Yến Nhi
f_name.makha.1258,Таура,Taura,,Taura,,,,,,,,,,,,Таура,Yumi Ngọc
f_name.makha.1259,Хепера,Hepera,,Hepera,,,,,,,,,,,,Гепера,Yến Mai
f_name.makha.1260,Иусет,Iuset,,Iuset,,,,,,,,,,,,Юзет,Yên Diệp
f_name.makha.1261,Махет,Mahet,,Mahet,,,,,,,,,,,,Магет,Yumi Quyên
f_name.makha.1262,Нефет,Nefet,,Nefet,,,,,,,,,,,,Нефет,Yến Hương
f_name.makha.1263,Оснетра,Osnetra,,Osnetra,,,,,,,,,,,,Ознетра,Yumi Linh
f_name.makha.1264,Птахет,Ptahet,,Ptahet,,,,,,,,,,,,Птахет,Yến Hạnh
f_name.makha.1265,Рахетра,Rahetra,,Rahetra,,,,,,,,,,,,Рагетра,Yên Tuyết
f_name.makha.1266,Сенет,Senet,,Senet,,,,,,,,,,,,Сенет,Yumi Nhi
f_name.makha.1267,Таутра,Tautra,,Tautra,,,,,,,,,,,,Таутра,Yến Hòa