Key,Russian,English,Czech,PortugueseBrazilian,Spanish,Polska,SimplifiedChinese,TraditionalChinese,Japanese,Korean,Deutsch,French,Italiana,Turkish,Hungarian,Ukrainian,Vietnamese
m_name.gwelts.1,Адал,Adal,,Adal,,,,,,,,,,,,Адал,Anh Tuấn
m_name.gwelts.2,Адалгис,Adalgis,,Adalgis,,,,,,,,,,,,Адалґіс,Anh Minh
m_name.gwelts.3,Альберик,Alberic,,Alberic,,,,,,,,,,,,Альберік,An Khoa
m_name.gwelts.4,Альбо,Albo,,Albo,,,,,,,,,,,,Альбо,Anh Đức
m_name.gwelts.5,Альдгар,Aldgar,,Aldgar,,,,,,,,,,,,Альдґар,An Bình
m_name.gwelts.6,Альдред,Aldred,,Aldred,,,,,,,,,,,,Альдред,Anh Dũng
m_name.gwelts.7,Альфрик,Alfric,,Alfric,,,,,,,,,,,,Альфрік,An Vinh
m_name.gwelts.8,Алвин,Alwin,,Alwin,,,,,,,,,,,,Альвін,Anh Hòa
m_name.gwelts.9,Амальрик,Amalric,,Amalric,,,,,,,,,,,,Амальрік,An Huy
m_name.gwelts.10,Амольд,Amold,,Amold,,,,,,,,,,,,Амольд,Anh Long
m_name.gwelts.11,Анно,Anno,,Anno,,,,,,,,,,,,Анно,An Khôi
m_name.gwelts.12,Армин,Armin,,Armin,,,,,,,,,,,,Армін,Anh Phúc
m_name.gwelts.13,Аскер,Ascar,,Ascar,,,,,,,,,,,,Аскар,An Nam
m_name.gwelts.14,Асгер,Asger,,Asger,,,,,,,,,,,,Азґер,Anh Sơn
m_name.gwelts.15,Атульф,Athulf,,Athulf,,,,,,,,,,,,Атульф,An Thành
m_name.gwelts.16,Аудрик,Audric,,Audric,,,,,,,,,,,,Одрік,Anh Quân
m_name.gwelts.17,Балдерик,Balderic,,Balderic,,,,,,,,,,,,Больдерік,An Lộc
m_name.gwelts.18,Бардульф,Bardulf,,Bardulf,,,,,,,,,,,,Бардульф,Anh Thái
m_name.gwelts.19,Беорн,Beorn,,Beorn,,,,,,,,,,,,Бйорн,An Tiến
m_name.gwelts.20,Бернульф,Bernulf,,Bernulf,,,,,,,,,,,,Бернульф,Anh Bảo
m_name.gwelts.21,Бертольф,Bertolf,,Bertolf,,,,,,,,,,,,Бертольф,An Hưng
m_name.gwelts.22,Брандульф,Brandulf,,Brandulf,,,,,,,,,,,,Брандульф,Anh Đạt
m_name.gwelts.23,Бруно,Bruno,,Bruno,,,,,,,,,,,,Бруно,An Tâm
m_name.gwelts.24,Буркхард,Burkhard,,Burkhard,,,,,,,,,,,,Бурхард,Anh Duy
m_name.gwelts.25,Цедрик,Cedric,,Cedric,,,,,,,,,,,,Седрік,An Hoàng
m_name.gwelts.26,Конрад,Conrad,,Conrad,,,,,,,,,,,,Конрад,Anh Ngọc
m_name.gwelts.27,Корбиниан,Corbinian,,Corbinian,,,,,,,,,,,,Корбініан,An Hải
m_name.gwelts.28,Дитмар,Dietmar,,Dietmar,,,,,,,,,,,,Дітмар,Anh Vũ
m_name.gwelts.29,Дирк,Dirk,,Dirk,,,,,,,,,,,,Дірк,An Trung
m_name.gwelts.30,Эадфрит,Eadfrith,,Eadfrith,,,,,,,,,,,,Едфріт,Anh Phong
m_name.gwelts.31,Эадгер,Eadger,,Eadger,,,,,,,,,,,,Едґер,An Trí
m_name.gwelts.32,Эадгит,Eadgyth,,Eadgyth,,,,,,,,,,,,Едґіт,Anh Quý
m_name.gwelts.33,Эадрик,Eadric,,Eadric,,,,,,,,,,,,Едрік,An Thịnh
m_name.gwelts.34,Эадульф,Eadwulf,,Eadwulf,,,,,,,,,,,,Еадвульф,Anh Khang
m_name.gwelts.35,Эгберт,Egbert,,Egbert,,,,,,,,,,,,Еґберт,An Hoàng
m_name.gwelts.36,Эгил,Egil,,Egil,,,,,,,,,,,,Еґіл,Anh Lâm
m_name.gwelts.37,Энгельберт,Engelbert,,Engelbert,,,,,,,,,,,,Енґельберт,An Tài
m_name.gwelts.38,Эвальд,Ewald,,Ewald,,,,,,,,,,,,Евальд,Anh Minh
m_name.gwelts.39,Фарамунд,Faramund,,Faramund,,,,,,,,,,,,Фарамунд,An Sơn
m_name.gwelts.40,Фоско,Fosco,,Fosco,,,,,,,,,,,,Фоско,Anh Ký
m_name.gwelts.41,Фридульф,Fridulf,,Fridulf,,,,,,,,,,,,Фрідульф,An Nam
m_name.gwelts.42,Фрисо,Friso,,Friso,,,,,,,,,,,,Фрізо,Anh Quang
m_name.gwelts.43,Фульберт,Fulbert,,Fulbert,,,,,,,,,,,,Фульберт,An Hòa
m_name.gwelts.44,Гарульф,Garulf,,Garulf,,,,,,,,,,,,Гарульф,Anh Triết
m_name.gwelts.45,Гаусберт,Gausbert,,Gausbert,,,,,,,,,,,,Гасберт,An Hào
m_name.gwelts.46,Гебхард,Gebhard,,Gebhard,,,,,,,,,,,,Гебхард,Anh Tín
m_name.gwelts.47,Гейло,Geilo,,Geilo,,,,,,,,,,,,Ґейло,An Vượng
m_name.gwelts.48,Герберт,Gerbert,,Gerbert,,,,,,,,,,,,Герберт,Anh Hiệp
m_name.gwelts.49,Геро,Gero,,Gero,,,,,,,,,,,,Геро,An Luân
m_name.gwelts.50,Гизельберт,Giselbert,,Giselbert,,,,,,,,,,,,Ґізельберт,Anh Đương
m_name.gwelts.51,Годафрид,Godafrid,,Godafrid,,,,,,,,,,,,Годафрід,An Tùng
m_name.gwelts.52,Годвульф,Godwulf,,Godwulf,,,,,,,,,,,,Ґодвульф,Anh Cường
m_name.gwelts.53,Гримберт,Grimbert,,Grimbert,,,,,,,,,,,,Ґрімберт,An Khánh
m_name.gwelts.54,Гримольд,Grimold,,Grimold,,,,,,,,,,,,Ґрімольд,Anh Lê
m_name.gwelts.55,Гунтер,Gunther,,Gunther,,,,,,,,,,,,Гюнтер,An Trí
m_name.gwelts.56,Хадульф,Hadulf,,Hadulf,,,,,,,,,,,,Ґадульф,Anh Hải
m_name.gwelts.57,Хамо,Hamo,,Hamo,,,,,,,,,,,,Ґамо,An Lợi
m_name.gwelts.58,Харман,Harman,,Harman,,,,,,,,,,,,Гарман,Anh Tùng
m_name.gwelts.59,Хартвиг,Hartwig,,Hartwig,,,,,,,,,,,,Гартвіг,An Thành
m_name.gwelts.60,Хелмер,Helmer,,Helmer,,,,,,,,,,,,Гельмер,Anh Đăng
m_name.gwelts.61,Херлуин,Herluin,,Herluin,,,,,,,,,,,,Герлун,Bình An
m_name.gwelts.62,Магнус,Herwald,,Herwald,,,,,,,,,,,,Гервальд,Bảo Minh
m_name.gwelts.63,Иммо,Magnus,,Magnus,,,,,,,,,,,,Маґнус,Bảo Long
m_name.gwelts.64,Иммо,Magnus,,Magnus,,,,,,,,,,,,Маґнус,Bình Dũng
m_name.gwelts.65,Иммо,Hildemar,,Hildemar,,,,,,,,,,,,Гільдемар,Bảo Khánh
m_name.gwelts.66,Хильдерик,Hilderic,,Hilderic,,,,,,,,,,,,Ґільдерік,Bình Hoàng
m_name.gwelts.67,Магнус,Hildulf,,Hildulf,,,,,,,,,,,,Ґільдульф,Bảo Hưng
m_name.gwelts.68,Хродгер,Hrodger,,Hrodger,,,,,,,,,,,,Ґродґер,Bình Phú
m_name.gwelts.69,Хротгар,Hrothgar,,Hrothgar,,,,,,,,,,,,Ґротґар,Bảo Vinh
m_name.gwelts.70,Иммо,Immo,,Immo,,,,,,,,,,,,Іммо,Bình Thắng
m_name.gwelts.71,Ингемар,Ingemar,,Ingemar,,,,,,,,,,,,Інґемар,Bảo Tiến
m_name.gwelts.72,Ингольф,Ingolf,,Ingolf,,,,,,,,,,,,Інґольф,Bình Quân
m_name.gwelts.73,Инго,Ingo,,Ingo,,,,,,,,,,,,Інґо,Bảo Sơn
m_name.gwelts.74,Ирмин,Irmin,,Irmin,,,,,,,,,,,,Ірмін,Bình Duy
m_name.gwelts.75,Изенберт,Isenbert,,Isenbert,,,,,,,,,,,,Ізенберт,Bảo Đức
m_name.gwelts.76,Ярл,Jarl,,Jarl,,,,,,,,,,,,Йарл,Bình Hải
m_name.gwelts.77,Йост,Jost,,Jost,,,,,,,,,,,,Йост,Bảo Trí
m_name.gwelts.78,Куно,Kuno,,Kuno,,,,,,,,,,,,Куно,Bình Lâm
m_name.gwelts.79,Лейф,Leif,,Leif,,,,,,,,,,,,Лейф,Bảo Quang
m_name.gwelts.80,Людо,Ludo,,Ludo,,,,,,,,,,,,Лудо,Bình Tâm
m_name.gwelts.81,Магнус,Magnus,,Magnus,,,,,,,,,,,,Маґнус,Bảo Hòa
m_name.gwelts.82,Манфред,Manfred,,Manfred,,,,,,,,,,,,Манфред,Bình Tài
m_name.gwelts.83,Марквард,Markward,,Markward,,,,,,,,,,,,Марквард,Bảo Hoàng
m_name.gwelts.84,Мервин,Merwin,,Merwin,,,,,,,,,,,,Мервін,Bình Duy
m_name.gwelts.85,Нанно,Nanno,,Nanno,,,,,,,,,,,,Нанно,Bảo Nam
m_name.gwelts.86,Нильс,Nils,,Nils,,,,,,,,,,,,Нільс,Bình Vũ
m_name.gwelts.87,Одгар,Odgar,,Odgar,,,,,,,,,,,,Одґар,Bảo Thịnh
m_name.gwelts.88,Одило,Odilo,,Odilo,,,,,,,,,,,,Оділо,Bình Quyết
m_name.gwelts.89,Одо,Odo,,Odo,,,,,,,,,,,,Одо,Bảo Phúc
m_name.gwelts.90,Орвал,Orval,,Orval,,,,,,,,,,,,Орвал,Bình Hòa
m_name.gwelts.91,Осберт,Osbert,,Osbert,,,,,,,,,,,,Озберт,Bảo An
m_name.gwelts.92,Осфрид,Osfrid,,Osfrid,,,,,,,,,,,,Озфрід,Bình Đạt
m_name.gwelts.93,Осмонд,Osmond,,Osmond,,,,,,,,,,,,Озмонд,Bảo Trí
m_name.gwelts.94,Осрик,Osric,,Osric,,,,,,,,,,,,Озрік,Bình Tuấn
m_name.gwelts.95,Освин,Oswin,,Oswin,,,,,,,,,,,,Освін,Bảo Thành
m_name.gwelts.96,Радберт,Radbert,,Radbert,,,,,,,,,,,,Радберт,Bình Khoa
m_name.gwelts.97,Радульф,Radulf,,Radulf,,,,,,,,,,,,Радульф,Bảo Lộc
m_name.gwelts.98,Ральф,Ralph,,Ralph,,,,,,,,,,,,Ральф,Bình Tùng
m_name.gwelts.99,Рейнхольд,Reinhold,,Reinhold,,,,,,,,,,,,Рейнольд,Bảo Minh
m_name.gwelts.100,Рикард,Rikard,,Rikard,,,,,,,,,,,,Рікард,Bình Hào
m_name.gwelts.101,Риттер,Ritter,,Ritter,,,,,,,,,,,,Ріттер,Bảo Trí
m_name.gwelts.102,Рольфе,Rolfe,,Rolfe,,,,,,,,,,,,Рольфе,Bình Sơn
m_name.gwelts.103,Сандер,Sander,,Sander,,,,,,,,,,,,Сандер,Bảo Tín
m_name.gwelts.104,Зигберт,Siegbert,,Siegbert,,,,,,,,,,,,Зіґбер,Bình Vinh
m_name.gwelts.105,Зигхард,Sieghard,,Sieghard,,,,,,,,,,,,Зіґхард,Bảo Đăng
m_name.gwelts.106,Зигмунд,Siegmund,,Siegmund,,,,,,,,,,,,Зіґмунд,Bình Khôi
m_name.gwelts.107,Зигфрид,Sigfrid,,Sigfrid,,,,,,,,,,,,Зіґфрід,Bảo Tường
m_name.gwelts.108,Зигмар,Sigmar,,Sigmar,,,,,,,,,,,,Зіґмар,Bình Hoàng
m_name.gwelts.109,Зигульф,Sigulf,,Sigulf,,,,,,,,,,,,Зіґульф,Bảo Mạnh
m_name.gwelts.110,Свен,Sven,,Sven,,,,,,,,,,,,Свен,Bình Vũ
m_name.gwelts.111,Теодор,Teodor,,Teodor,,,,,,,,,,,,Теодор,Bảo Khoa
m_name.gwelts.112,Танкмар,Thancmar,,Thancmar,,,,,,,,,,,,Танкмар,Bình Hưng
m_name.gwelts.113,Торгил,Thorgil,,Thorgil,,,,,,,,,,,,Торґіл,Bảo Đạt
m_name.gwelts.114,Торкил,Thorkil,,Thorkil,,,,,,,,,,,,Торкіл,Bình Ký
m_name.gwelts.115,Торстен,Thorsten,,Thorsten,,,,,,,,,,,,Торстен,Bảo Tâm
m_name.gwelts.116,Турстан,Thurstan,,Thurstan,,,,,,,,,,,,Турстан,Bình Hải
m_name.gwelts.117,Удо,Udo,,Udo,,,,,,,,,,,,Удо,Bảo Luân
m_name.gwelts.118,Ульрих,Ulrich,,Ulrich,,,,,,,,,,,,Ульріх,Bình Đăng
m_name.gwelts.119,Фолькер,Volker,,Volker,,,,,,,,,,,,Волькер,Bảo Thắng
m_name.gwelts.120,Вальдо,Waldo,,Waldo,,,,,,,,,,,,Валдо,Bình Quân
m_name.gwelts.121,Вальфрид,Walfrid,,Walfrid,,,,,,,,,,,,Вольфрід,Cường Minh
m_name.gwelts.122,Вальдемар,Waldemar,,Waldemar,,,,,,,,,,,,Вальдемар,Công Phúc
m_name.gwelts.123,Вальдо,Waldo,,Waldo,,,,,,,,,,,,Вальдо,Cao Hoàng
m_name.gwelts.124,Вендел,Wendel,,Wendel,,,,,,,,,,,,Вендел,Cường Hòa
m_name.gwelts.125,Вернер,Werner,,Werner,,,,,,,,,,,,Вернер,Công Thành
m_name.gwelts.126,Вигберт,Wigbert,,Wigbert,,,,,,,,,,,,Віґберт,Cao Hải
m_name.gwelts.127,Вигмар,Wigmar,,Wigmar,,,,,,,,,,,,Віґмар,Cường Duy
m_name.gwelts.128,Вигульф,Wigulf,,Wigulf,,,,,,,,,,,,Віґульф,Công Đức
m_name.gwelts.129,Вильгельм,Wilhelm,,Wilhelm,,,,,,,,,,,,Вільгельм,Cao An
m_name.gwelts.130,Вилфрид,Wilfrid,,Wilfrid,,,,,,,,,,,,Вільфрід,Cường Vinh
m_name.gwelts.131,Виллибальд,Willibald,,Willibald,,,,,,,,,,,,Віллібальд,Công Sơn
m_name.gwelts.132,Вильмот,Wilmot,,Wilmot,,,,,,,,,,,,Вільмот,Cao Bảo
m_name.gwelts.133,Вимонд,Wymond,,Wymond,,,,,,,,,,,,Вімонд,Cường Tài
m_name.gwelts.134,Винфрид,Wynfrid,,Wynfrid,,,,,,,,,,,,Вінфрід,Công Quân
m_name.gwelts.135,Винстан,Wynstan,,Wynstan,,,,,,,,,,,,Вінстан,Cao Đạt
m_name.gwelts.136,Иво,Yvo,,Yvo,,,,,,,,,,,,Іво,Cường Hưng
m_name.gwelts.137,Захария,Zacharias,,Zacharias,,,,,,,,,,,,Закарі,Công Quyết
m_name.gwelts.138,Зено,Zeno,,Zeno,,,,,,,,,,,,Зено,Cao Tùng
m_name.gwelts.139,Золтан,Zoltan,,Zoltan,,,,,,,,,,,,Зольтан,Cường Thịnh
m_name.gwelts.140,Зоран,Zoran,,Zoran,,,,,,,,,,,,Зоран,Công Khải
m_name.gwelts.141,Зигмунд,Zsigmond,,Zsigmond,,,,,,,,,,,,Зіґмонд,Cao Tâm
m_name.gwelts.142,Звонимир,Zvonimir,,Zvonimir,,,,,,,,,,,,Звонімір,Cường Nam
m_name.gwelts.143,Зигфрид,Zygfryd,,Zygfryd,,,,,,,,,,,,Зигфрід,Công Minh
m_name.gwelts.144,Зигмунт,Zygmunt,,Zygmunt,,,,,,,,,,,,Зигмунт,Cao Phúc
m_name.gwelts.145,Алдан,Aldan,,Aldan,,,,,,,,,,,,Альдан,Cường An
m_name.gwelts.146,Альфрик,Alfric,,Alfric,,,,,,,,,,,,Альфрек,Công Đạt
m_name.gwelts.147,Элин,Alyn,,Alyn,,,,,,,,,,,,Алін,Cao Hòa
m_name.gwelts.148,Андрас,Andras,,Andras,,,,,,,,,,,,Андрас,Cường Đăng
m_name.gwelts.149,Арильд,Arild,,Arild,,,,,,,,,,,,Арільд,Công Thái
m_name.gwelts.150,Арнульф,Arnulf,,Arnulf,,,,,,,,,,,,Арнульф,Cao Khoa
m_name.gwelts.151,Олдин,Auldin,,Auldin,,,,,,,,,,,,Олдін,Cường Lâm
m_name.gwelts.152,Бальтазар,Balthasar,,Balthasar,,,,,,,,,,,,Бальтазар,Công Luân
m_name.gwelts.153,Болдуин,Baldwin,,Baldwin,,,,,,,,,,,,Болдвін,Cao Tường
m_name.gwelts.154,Бартрам,Bartram,,Bartram,,,,,,,,,,,,Бартрам,Cường Hoàng
m_name.gwelts.155,Бельфред,Belfred,,Belfred,,,,,,,,,,,,Бельфред,Công Hòa
m_name.gwelts.156,Беровальд,Berowald,,Berowald,,,,,,,,,,,,Беровальд,Cao Minh
m_name.gwelts.157,Бертвин,Bertwin,,Bertwin,,,,,,,,,,,,Бертвін,Cường Tiến
m_name.gwelts.158,Бевен,Beven,,Beven,,,,,,,,,,,,Бевен,Công Đương
m_name.gwelts.159,Билфред,Bilfred,,Bilfred,,,,,,,,,,,,Більфред,Cao Vũ
m_name.gwelts.160,Бран,Bran,,Bran,,,,,,,,,,,,Бранн,Cường Quyền
m_name.gwelts.161,Бритхельм,Brithelm,,Brithelm,,,,,,,,,,,,Брітельм,Công Trí
m_name.gwelts.162,Бродерик,Broderick,,Broderick,,,,,,,,,,,,Бродерік,Cao Bình
m_name.gwelts.163,Биртноут,Byrhtnoth,,Byrhtnoth,,,,,,,,,,,,Бірнот,Cường Hào
m_name.gwelts.164,Кэдуоллер,Cadwaller,,Cadwaller,,,,,,,,,,,,Кадвалер,Công Quyên
m_name.gwelts.165,Кэлан,Caelan,,Caelan,,,,,,,,,,,,Кейлан,Cao Thanh
m_name.gwelts.166,Коули,Cawley,,Cawley,,,,,,,,,,,,Коулі,Cường Mạnh
m_name.gwelts.167,Седрик,Cedric,,Cedric,,,,,,,,,,,,Седрік,Công Vinh
m_name.gwelts.168,Чэдвик,Chadwick,,Chadwick,,,,,,,,,,,,Чадвік,Cao Thắng
m_name.gwelts.169,Колвин,Colwyn,,Colwyn,,,,,,,,,,,,Колвін,Cường Ký
m_name.gwelts.170,Кинвульф,Cynwulf,,Cynwulf,,,,,,,,,,,,Кінвульф,Công Trung
m_name.gwelts.171,Даган,Dagan,,Dagan,,,,,,,,,,,,Даґан,Cao Luân
m_name.gwelts.172,Дэвид,Dafydd,,Dafydd,,,,,,,,,,,,Дафід,Cường Hòa
m_name.gwelts.173,Дагоберт,Dagobert,,Dagobert,,,,,,,,,,,,Даґберт,Công Phúc
m_name.gwelts.174,Дэнфорт,Danforth,,Danforth,,,,,,,,,,,,Данфорт,Cao Đăng
m_name.gwelts.175,Дариан,Darian,,Darian,,,,,,,,,,,,Даріан,Cường Yên
m_name.gwelts.176,Дарнелл,Darnell,,Darnell,,,,,,,,,,,,Дарнел,Công Sơn
m_name.gwelts.177,Дэвен,Daven,,Daven,,,,,,,,,,,,Дейвен,Cao Trí
m_name.gwelts.178,Дедрик,Dedrick,,Dedrick,,,,,,,,,,,,Дедрік,Cường Phong
m_name.gwelts.179,Дерик,Deryck,,Deryck,,,,,,,,,,,,Дерик,Công Hải
m_name.gwelts.180,Доменик,Domenic,,Domenic,,,,,,,,,,,,Доменік,Cao Mạnh
m_name.gwelts.181,Дугалд,Dugald,,Dugald,,,,,,,,,,,,Дугальд,Duy Minh
m_name.gwelts.182,Дурвин,Durwin,,Durwin,,,,,,,,,,,,Дарвін,Đức Hòa
m_name.gwelts.183,Эдгар,Eadgar,,Eadgar,,,,,,,,,,,,Едгар,Đạt Khoa
m_name.gwelts.184,Эдрик,Eadric,,Eadric,,,,,,,,,,,,Едрік,Dũng An
m_name.gwelts.185,Эдуард,Eadweard,,Eadweard,,,,,,,,,,,,Едверд,Đăng Vinh
m_name.gwelts.186,Эдвулф,Eadwulf,,Eadwulf,,,,,,,,,,,,Едвульф,Duy Hoàng
m_name.gwelts.187,Элстан,Ealhstan,,Ealhstan,,,,,,,,,,,,Ельхстан,Đức Tài
m_name.gwelts.188,Элрик,Ealric,,Ealric,,,,,,,,,,,,Ельрік,Đạt Sơn
m_name.gwelts.189,Эдберт,Edbert,,Edbert,,,,,,,,,,,,Едберт,Dũng Quyên
m_name.gwelts.190,Эдлин,Edlin,,Edlin,,,,,,,,,,,,Едлін,Đăng Tâm
m_name.gwelts.191,Эдвин,Edwyn,,Edwyn,,,,,,,,,,,,Едвін,Duy Sơn
m_name.gwelts.192,Эльдрик,Eldric,,Eldric,,,,,,,,,,,,Ельдрік,Đức Trí
m_name.gwelts.193,Эльфред,Elfred,,Elfred,,,,,,,,,,,,Ельфред,Đạt Tùng
m_name.gwelts.194,Элмер,Elmer,,Elmer,,,,,,,,,,,,Ельмер,Dũng Bảo
m_name.gwelts.195,Эофор,Eofor,,Eofor,,,,,,,,,,,,Еофор,Đăng Hải
m_name.gwelts.196,Эомер,Eomer,,Eomer,,,,,,,,,,,,Еомер,Duy Đức
m_name.gwelts.197,Эсмунд,Esmund,,Esmund,,,,,,,,,,,,Езмунд,Đức Hưng
m_name.gwelts.198,Эйстейн,Eystein,,Eystein,,,,,,,,,,,,Ейштейн,Đạt Vũ
m_name.gwelts.199,Фаран,Faran,,Faran,,,,,,,,,,,,Фаран,Dũng Thịnh
m_name.gwelts.200,Фаррелл,Farrell,,Farrell,,,,,,,,,,,,Фарелл,Đăng Minh
m_name.gwelts.201,Фенрис,Fenris,,Fenris,,,,,,,,,,,,Фенріс,Duy Quyết
m_name.gwelts.202,Финньян,Finnian,,Finnian,,,,,,,,,,,,Фініан,Đức Mạnh
m_name.gwelts.203,Фрэйзер,Frasier,,Frasier,,,,,,,,,,,,Фрейзер,Đạt An
m_name.gwelts.204,Гармунд,Garmund,,Garmund,,,,,,,,,,,,Ґармунд,Dũng Hòa
m_name.gwelts.205,Гаррик,Garrick,,Garrick,,,,,,,,,,,,Ґарік,Đăng Quyên
m_name.gwelts.206,Герольд,Gerold,,Gerold,,,,,,,,,,,,Ґерольд,Duy Khôi
m_name.gwelts.207,Гиффард,Giffard,,Giffard,,,,,,,,,,,,Гіфард,Đức Phúc
m_name.gwelts.208,Гилберт,Gilbert,,Gilbert,,,,,,,,,,,,Гільберт,Đạt Tường
m_name.gwelts.209,Годфри,Godfrey,,Godfrey,,,,,,,,,,,,Ґодфрей,Dũng Tiến
m_name.gwelts.210,Годрик,Godric,,Godric,,,,,,,,,,,,Годрік,Đăng Quân
m_name.gwelts.211,Госберт,Gosbert,,Gosbert,,,,,,,,,,,,Гозберт,Duy An
m_name.gwelts.212,Госвин,Goswin,,Goswin,,,,,,,,,,,,Гозвін,Đức Thái
m_name.gwelts.213,Грейнджер,Granger,,Granger,,,,,,,,,,,,Ґрейнджер,Đạt Linh
m_name.gwelts.214,Гриффит,Griffith,,Griffith,,,,,,,,,,,,Ґріффіт,Dũng Tài
m_name.gwelts.215,Гримболд,Grimbold,,Grimbold,,,,,,,,,,,,Грімбольд,Đăng Thành
m_name.gwelts.216,Гриндан,Grindan,,Grindan,,,,,,,,,,,,Гріндан,Duy Luân
m_name.gwelts.217,Ганн,Gunne,,Gunne,,,,,,,,,,,,Гюнне,Đức Hoàng
m_name.gwelts.218,Гурт,Gurth,,Gurth,,,,,,,,,,,,Гюрт,Đạt Quyên
m_name.gwelts.219,Гатри,Guthrie,,Guthrie,,,,,,,,,,,,Гютрі,Dũng Phong
m_name.gwelts.220,Хедвин,Hadwin,,Hadwin,,,,,,,,,,,,Ґадвін,Đăng Đạt
m_name.gwelts.221,Хальфдан,Halfdan,,Halfdan,,,,,,,,,,,,Ґалфдан,Duy Quân
m_name.gwelts.222,Халиан,Halian,,Halian,,,,,,,,,,,,Галіан,Đức Hòa
m_name.gwelts.223,Халфрид,Hallfrid,,Hallfrid,,,,,,,,,,,,Гальфрід,Đạt Hòa
m_name.gwelts.224,Хальстейн,Halstein,,Halstein,,,,,,,,,,,,Гальштейн,Dũng Quyết
m_name.gwelts.225,Хамелин,Hamelin,,Hamelin,,,,,,,,,,,,Гамлін,Đăng Khoa
m_name.gwelts.226,Хамфаст,Hamfast,,Hamfast,,,,,,,,,,,,Гамфаст,Duy Thịnh
m_name.gwelts.227,Хамон,Hamon,,Hamon,,,,,,,,,,,,Ґамон,Đức Quyên
m_name.gwelts.228,Хардвин,Hardwin,,Hardwin,,,,,,,,,,,,Гардвін,Đạt Sơn
m_name.gwelts.229,Харланд,Harland,,Harland,,,,,,,,,,,,Гарланд,Dũng An
m_name.gwelts.230,Харман,Harman,,Harman,,,,,,,,,,,,Гарманн,Đăng Quyết
m_name.gwelts.231,Харсен,Harsen,,Harsen,,,,,,,,,,,,Гарсен,Duy Bảo
m_name.gwelts.232,Харвин,Harwin,,Harwin,,,,,,,,,,,,Гарвін,Đức Đạt
m_name.gwelts.233,Хавард,Havard,,Havard,,,,,,,,,,,,Гавард,Đạt Quyết
m_name.gwelts.234,Хавилланд,Havilland,,Havilland,,,,,,,,,,,,Гавіланд,Dũng Tâm
m_name.gwelts.235,Хэлфдэн,Healfdene,,Healfdene,,,,,,,,,,,,Гельфден,Đăng Tùng
m_name.gwelts.236,Хитон,Heaton,,Heaton,,,,,,,,,,,,Гітон,Duy Hưng
m_name.gwelts.237,Хедли,Hedley,,Hedley,,,,,,,,,,,,Ґедлі,Đức Mạnh
m_name.gwelts.238,Херик,Heiric,,Heiric,,,,,,,,,,,,Генрік,Đạt Minh
m_name.gwelts.239,Хелмар,Helmar,,Helmar,,,,,,,,,,,,Гельмар,Dũng Linh
m_name.gwelts.240,Хелмфрид,Helmfried,,Helmfried,,,,,,,,,,,,Гельмфрід,Đăng Tiến
m_name.gwelts.241,Хендрик,Hendrick,,Hendrick,,,,,,,,,,,,Гендрік,Ethan Minh
m_name.gwelts.242,Хеннинг,Henning,,Henning,,,,,,,,,,,,Геннін,Eric Hoàng
m_name.gwelts.243,Хереман,Hereman,,Hereman,,,,,,,,,,,,Герман,Evan Dũng
m_name.gwelts.244,Херлейф,Herleif,,Herleif,,,,,,,,,,,,Герлейф,Elijah An
m_name.gwelts.245,Хэйвард,Heward,,Heward,,,,,,,,,,,,Гевард,Evan Sơn
m_name.gwelts.246,Хейвард,Heyward,,Heyward,,,,,,,,,,,,Гезвард,Eric Vinh
m_name.gwelts.247,Хьяльмар,Hjalmar,,Hjalmar,,,,,,,,,,,,Ґьялмар,Ethan Khoa
m_name.gwelts.248,Хольгер,Holger,,Holger,,,,,,,,,,,,Гольґер,Elijah Hòa
m_name.gwelts.249,Хротгар,Hrothgar,,Hrothgar,,,,,,,,,,,,Ґротґар,Evan Tài
m_name.gwelts.250,Хульберт,Hulbert,,Hulbert,,,,,,,,,,,,Гульберт,Eric Quyết
m_name.gwelts.251,Хульдрик,Huldrick,,Huldrick,,,,,,,,,,,,Гульдрік,Ethan An
m_name.gwelts.252,Хульмер,Hulmer,,Hulmer,,,,,,,,,,,,Гульмер,Elijah Đức
m_name.gwelts.253,Хумберт,Humbert,,Humbert,,,,,,,,,,,,Гумберт,Evan Hưng
m_name.gwelts.254,Херли,Hurley,,Hurley,,,,,,,,,,,,Ґурлі,Eric Tiến
m_name.gwelts.255,Ингберт,Ingbert,,Ingbert,,,,,,,,,,,,Інґберт,Ethan Đạt
m_name.gwelts.256,Ингемар,Ingemar,,Ingemar,,,,,,,,,,,,Інґемар,Elijah Quyên
m_name.gwelts.257,Ингоальд,Ingoald,,Ingoald,,,,,,,,,,,,Інґольд,Evan Tâm
m_name.gwelts.258,Ингвард,Ingvard,,Ingvard,,,,,,,,,,,,Інґвард,Eric Bảo
m_name.gwelts.259,Ира,Ira,,Ira,,,,,,,,,,,,Ір,Ethan Thịnh
m_name.gwelts.260,Исенбард,Isenbard,,Isenbard,,,,,,,,,,,,Ізенбард,Elijah Minh
m_name.gwelts.261,Ивор,Ivor,,Ivor,,,,,,,,,,,,Айвор,Evan Phúc
m_name.gwelts.262,Ярлат,Jarlath,,Jarlath,,,,,,,,,,,,Ярлат,Eric Hòa
m_name.gwelts.263,Ярлаксль,Jarlaxle,,Jarlaxle,,,,,,,,,,,,Ярлакс,Ethan Thành
m_name.gwelts.264,Ярон,Jaron,,Jaron,,,,,,,,,,,,Ярон,Elijah Linh
m_name.gwelts.265,Джаксен,Jaxen,,Jaxen,,,,,,,,,,,,Яксен,Evan Hoàng
m_name.gwelts.266,Джоселин,Jocelin,,Jocelin,,,,,,,,,,,,Джозелін,Eric Sơn
m_name.gwelts.267,Йоост,Joost,,Joost,,,,,,,,,,,,Юст,Ethan Tùng
m_name.gwelts.268,Йорден,Jordyn,,Jordyn,,,,,,,,,,,,Йордін,Elijah Đăng
m_name.gwelts.269,Йорген,Jorgen,,Jorgen,,,,,,,,,,,,Йорґен,Evan Trí
m_name.gwelts.270,Кэлан,Kaelan,,Kaelan,,,,,,,,,,,,Калан,Eric Quyên
m_name.gwelts.271,Карстен,Karsten,,Karsten,,,,,,,,,,,,Карстен,Ethan Luân
m_name.gwelts.272,Келлан,Kellan,,Kellan,,,,,,,,,,,,Келлан,Elijah Khoa
m_name.gwelts.273,Келтон,Kelton,,Kelton,,,,,,,,,,,,Кельтон,Evan Hòa
m_name.gwelts.274,Кенрик,Kenric,,Kenric,,,,,,,,,,,,Кенрік,Eric Đạt
m_name.gwelts.275,Кермит,Kermit,,Kermit,,,,,,,,,,,,Керміт,Ethan Phong
m_name.gwelts.276,Кестер,Kester,,Kester,,,,,,,,,,,,Кестер,Elijah Mạnh
m_name.gwelts.277,Клаас,Klaas,,Klaas,,,,,,,,,,,,Клаас,Evan Thái
m_name.gwelts.278,Кнут,Knut,,Knut,,,,,,,,,,,,Кнут,Eric Vũ
m_name.gwelts.279,Коэнраад,Koenraad,,Koenraad,,,,,,,,,,,,Конраад,Ethan Quyết
m_name.gwelts.280,Колбейн,Kolbein,,Kolbein,,,,,,,,,,,,Кольбейн,Elijah Bảo
m_name.gwelts.281,Корт,Kort,,Kort,,,,,,,,,,,,Корт,Evan Lâm
m_name.gwelts.282,Кинан,Kynan,,Kynan,,,,,,,,,,,,Кінан,Eric Hào
m_name.gwelts.283,Кинастон,Kynaston,,Kynaston,,,,,,,,,,,,Кінастон,Ethan Quân
m_name.gwelts.284,Лэндон,Landon,,Landon,,,,,,,,,,,,Ландон,Elijah Vinh
m_name.gwelts.285,Кинастон,Kynaston,,Kynaston,,,,,,,,,,,,Кінастон,Evan Bình
m_name.gwelts.286,Лиам,Liam,,Liam,,,,,,,,,,,,Ліам,Eric Quý
m_name.gwelts.287,Кинастон,Kynaston,,Kynaston,,,,,,,,,,,,Кінестон,Gia Hưng
m_name.gwelts.288,Кинастон,Kynaston,,Kynaston,,,,,,,,,,,,Кінстон,Giang Vinh
m_name.gwelts.289,Линус,Linus,,Linus,,,,,,,,,,,,Лінус,Gia Đạt
m_name.gwelts.290,Лоренц,Lorenz,,Lorenz,,,,,,,,,,,,Лоренц,Giang Sơn
m_name.gwelts.291,Лотар,Lothar,,Lothar,,,,,,,,,,,,Лотар,Gia Quyên
m_name.gwelts.292,Малкольм,Malcolm,,Malcolm,,,,,,,,,,,,Малкольм,Giang An
m_name.gwelts.293,Марк,Mark,,Mark,,,,,,,,,,,,Марк,Gia Tài
m_name.gwelts.294,Мартин,Martin,,Martin,,,,,,,,,,,,Мартін,Giang Đăng
m_name.gwelts.295,Адамнан,Adamnan,,Adamnan,,,,,,,,,,,,Адам,Gia Minh
m_name.gwelts.296,Марк,Martin,,Martin,,,,,,,,,,,,Мартін,Giang Tâm
m_name.gwelts.297,Энис,Aennis,,Aennis,,,,,,,,,,,,Ейніс,Gia Hòa
m_name.gwelts.298,Айлан,Ailan,,Ailan,,,,,,,,,,,,Айлан,Giang Đức
m_name.gwelts.299,Айлан,Aillean,,Aillean,,,,,,,,,,,,Айліан,Gia Luân
m_name.gwelts.300,Эйден,Aidan,,Aidan,,,,,,,,,,,,Айдан,Giang Hòa
m_name.gwelts.301,Эйден,Aiden,,Aiden,,,,,,,,,,,,Ейден,Gia Phúc
m_name.gwelts.302,Айлен,Ailen,,Ailen,,,,,,,,,,,,Ейлен,Giang Quyết
m_name.gwelts.303,Айлилл,Ailill,,Ailill,,,,,,,,,,,,Ейліл,Gia Sơn
m_name.gwelts.304,Aindreas,Aindreas,,Aindreas,,,,,,,,,,,,Андреас,Giang Tiến
m_name.gwelts.305,Аирт,Airt,,Airt,,,,,,,,,,,,Ейрт,Gia Thịnh
m_name.gwelts.306,Аиртин,Airtin,,Airtin,,,,,,,,,,,,Ейртін,Giang Vũ
m_name.gwelts.307,Айфрик,Aifric,,Aifric,,,,,,,,,,,,Ейфрік,Gia Tùng
m_name.gwelts.308,Аксель,Axel,,Axel,,,,,,,,,,,,Аксель,Giang Hưng
m_name.gwelts.309,Алаймхин,Alaimhin,,Alaimhin,,,,,,,,,,,,Аламін,Gia Bảo
m_name.gwelts.310,Аланн,Alann,,Alann,,,,,,,,,,,,Алан,Giang Thái
m_name.gwelts.311,Альбан,Alban,,Alban,,,,,,,,,,,,Альбан,Gia Khoa
m_name.gwelts.312,Альбен,Alben,,Alben,,,,,,,,,,,,Альбен,Giang Quyên
m_name.gwelts.313,Элвин,Alvin,,Alvin,,,,,,,,,,,,Алвін,Gia Nhi
m_name.gwelts.314,Аллард,Allard,,Allard,,,,,,,,,,,,Алард,Giang Lâm
m_name.gwelts.315,Альфи,Alfie,,Alfie,,,,,,,,,,,,Альфі,Gia An
m_name.gwelts.316,Амброз,Ambrose,,Ambrose,,,,,,,,,,,,Емброуз,Giang Hòa
m_name.gwelts.317,Ангус,Angus,,Angus,,,,,,,,,,,,Анґус,Gia Mạnh
m_name.gwelts.318,Андрас,Andras,,Andras,,,,,,,,,,,,Андраш,Giang Bảo
m_name.gwelts.319,Анель,Anel,,Enel,,,,,,,,,,,,Анель,Gia Đăng
m_name.gwelts.320,Анис,Anis,,Anis,,,,,,,,,,,,Аніс,Giang Ký
m_name.gwelts.321,Антайн,Antaine,,Antaine,,,,,,,,,,,,Антейн,Gia Hưng
m_name.gwelts.322,Аодхан,Aodhan,,Aodhan,,,,,,,,,,,,Одґан,Giang Quân
m_name.gwelts.323,Аодхан,Aodhan,,Aodhan,,,,,,,,,,,,Одґан,Gia Đạt
m_name.gwelts.324,Аоран,Aoran,,Aoran,,,,,,,,,,,,Оран,Giang Thái
m_name.gwelts.325,Ардалл,Ardall,,Ardall,,,,,,,,,,,,Ардалл,Gia Vinh
m_name.gwelts.326,Аргайл,Argyle,,Argyle,,,,,,,,,,,,Арґайл,Giang Quyết
m_name.gwelts.327,Арден,Arden,,Arden,,,,,,,,,,,,Арден,Gia Tâm
m_name.gwelts.328,Арно,Arnaud,,Arnaud,,,,,,,,,,,,Арнод,Giang Quyên
m_name.gwelts.329,Арнольд,Arnold,,Arnold,,,,,,,,,,,,Арнольд,Gia Trí
m_name.gwelts.330,Артан,Artan,,Artan,,,,,,,,,,,,Артен,Giang Tài
m_name.gwelts.331,Артэр,Artair,,Artair,,,,,,,,,,,,Артейр,Gia Phong
m_name.gwelts.332,Артур,Artur,,Artur,,,,,,,,,,,,Артур,Giang Linh
m_name.gwelts.333,Арти,Artie,,Artie,,,,,,,,,,,,Арті,Gia Đăng
m_name.gwelts.334,Артан,Artan,,Artan,,,,,,,,,,,,Артан,Giang Hòa
m_name.gwelts.335,Арвид,Arvid,,Arvid,,,,,,,,,,,,Арвід,Gia Tùng
m_name.gwelts.336,Атаир,Athair,,Athair,,,,,,,,,,,,Атейр,Giang Quyên
m_name.gwelts.337,Атол,Athol,,Athol,,,,,,,,,,,,Атоль,Gia Tài
m_name.gwelts.338,Аттракта,Attracta,,Attracta,,,,,,,,,,,,Атракта,Giang Quý
m_name.gwelts.339,Аулей,Aulay,,Aulay,,,,,,,,,,,,Олей,Gia Sơn
m_name.gwelts.340,Бэрд,Baird,,Baird,,,,,,,,,,,,Бейрд,Giang Hoàng
m_name.gwelts.341,Барра,Barra,,Bartan,,,,,,,,,,,,Баррат,Gia Trí
m_name.gwelts.342,Биган,Beagan,,Beagan,,,,,,,,,,,,Беґан,Giang Quyết
m_name.gwelts.343,Беатан,Beathan,,Beathan,,,,,,,,,,,,Бетан,Gia Nhi
m_name.gwelts.344,Бейрхарт,Beircheart,,Beircheart,,,,,,,,,,,,Біркарт,Giang Đạt
m_name.gwelts.345,Беннейт,Benneit,,Benneit,,,,,,,,,,,,Беннет,Gia Thái
m_name.gwelts.346,Беннт,Bennt,,Bennt,,,,,,,,,,,,Бент,Giang Quyên
m_name.gwelts.347,Берах,Berach,,Berach,,,,,,,,,,,,Берак,Hưng Phúc
m_name.gwelts.348,Берахан,Berachan,,Berachán,,,,,,,,,,,,Беракан,Hoàng Minh
m_name.gwelts.349,Бертран,Bertrand,,Bertrand,,,,,,,,,,,,Бертранд,Hữu Đức
m_name.gwelts.350,Блен,Blain,,Blain,,,,,,,,,,,,Бленн,Hòa Vinh
m_name.gwelts.351,Блен,Blaine,,Blaine,,,,,,,,,,,,Блейн,Hùng An
m_name.gwelts.352,Боэций,Boetius,,Boetius,,,,,,,,,,,,Ботіус,Huy Hoàng
m_name.gwelts.353,Бранаган,Branagan,,Branagan,,,,,,,,,,,,Бранґан,Hải Dũng
m_name.gwelts.354,Браниг,Branig,,Branig,,,,,,,,,,,,Браніґ,Huy Tài
m_name.gwelts.355,Бреандан,Breandan,,Breandan,,,,,,,,,,,,Брендан,Hào Sơn
m_name.gwelts.356,Бреккан,Breccan,,Breccán,,,,,,,,,,,,Бреккан,Hữu Quyết
m_name.gwelts.357,Брессал,Bressal,,Bressal,,,,,,,,,,,,Брессаль,Hưng Tiến
m_name.gwelts.358,Бриак,Briac,,Briac,,,,,,,,,,,,Бріак,Hoàng Đạt
m_name.gwelts.359,Бриайн,Briain,,Briain,,,,,,,,,,,,Брайен,Hữu Sơn
m_name.gwelts.360,Брошан,Brochan,,Brochan,,,,,,,,,,,,Брокан,Hùng Vinh
m_name.gwelts.361,Броди,Brody,,Brody,,,,,,,,,,,,Броді,Huy Quyên
m_name.gwelts.362,Броган,Brogan,,Brogan,,,,,,,,,,,,Броґан,Hải An
m_name.gwelts.363,Брон,Bron,,Bron,,,,,,,,,,,,Брон,Hào Tùng
m_name.gwelts.364,Бриан,Bryan,,Bryan,,,,,,,,,,,,Брайан,Hữu Minh
m_name.gwelts.365,Бриан,Cairbre,,Cairbre,,,,,,,,,,,,Каірб,Hoàng Tâm
m_name.gwelts.366,Бриан,Brody,,Brody,,,,,,,,,,,,Брогі,Hùng Đăng
m_name.gwelts.367,Кахир,Cahir,,Cahir,,,,,,,,,,,,Кахір,Huy Trí
m_name.gwelts.368,Кэрн,Cairn,,Cairn,,,,,,,,,,,,Каірн,Hải Phúc
m_name.gwelts.369,Кайсайд,Caiside,,Caiside,,,,,,,,,,,,Кесед,Hào Tài
m_name.gwelts.370,Калхаун,Calhoun,,Calhoun,,,,,,,,,,,,Калгун,Hữu Luân
m_name.gwelts.371,Каллан,Callan,,Callan,,,,,,,,,,,,Каллан,Hoàng Khoa
m_name.gwelts.372,Каллум,Callum,,Callum,,,,,,,,,,,,Каллум,Hưng Thịnh
m_name.gwelts.373,Камерон,Cameron,,Cameron,,,,,,,,,,,,Кемерон,Hải Quyết
m_name.gwelts.374,Камиллус,Camillus,,Camillus,,,,,,,,,,,,Каміллус,Huy An
m_name.gwelts.375,Камиллус,Caoilainn,,Caoilainn,,,,,,,,,,,,Койлейн,Hùng Quân
m_name.gwelts.376,Камиллус,Caoilainn,,Caoilainn,,,,,,,,,,,,Койленн,Hoàng Tài
m_name.gwelts.377,Каоимхин,Callum,,Callum,,,,,,,,,,,,Каллум,Hữu Hòa
m_name.gwelts.378,Кэрн,Cairn,,Cairn,,,,,,,,,,,,Каірн,Hải Tâm
m_name.gwelts.379,Кэрн,Cairn,,Cairn,,,,,,,,,,,,Каірн,Hoàng Quyên
m_name.gwelts.380,Каоилте,Caoilte,,Caoilte,,,,,,,,,,,,Колт,Hưng Đăng
m_name.gwelts.381,Карадок,Caradoc,,Caradoc,,,,,,,,,,,,Карад,Huy Hòa
m_name.gwelts.382,Карни,Carney,,Carney,,,,,,,,,,,,Карні,Hữu Tiến
m_name.gwelts.383,Карни,Carraig,,Carraig,,,,,,,,,,,,Каррейґ,Hoàng Đạt
m_name.gwelts.384,Карни,Cathal,,Cathal,,,,,,,,,,,,Катал,Hòa Luân
m_name.gwelts.385,Карни,Cathal,,Cathal,,,,,,,,,,,,Каттал,Hùng Quyết
m_name.gwelts.386,Кэрн,Cairn,,Cairn,,,,,,,,,,,,Каірн,Hải Quyên
m_name.gwelts.387,Сернах,Cearnach,,Cearnach,,,,,,,,,,,,Кернак,Huy Đăng
m_name.gwelts.388,Цейтин,Ceithin,,Ceithin,,,,,,,,,,,,Кейтін,Hoàng Nhi
m_name.gwelts.389,Кэрн,Cairn,,Cairn,,,,,,,,,,,,Каірн,Hào Quyết
m_name.gwelts.390,Циан,Cian,,Cian,,,,,,,,,,,,Сайан,Hưng Quyên
m_name.gwelts.391,Киаран,Ciaran,,Ciaran,,,,,,,,,,,,Кіран,Hải Khoa
m_name.gwelts.392,Киллиан,Cillian,,Cillian,,,,,,,,,,,,Кілліан,Huy Vũ
m_name.gwelts.393,Киллиан,Cillian,,Cillian,,,,,,,,,,,,Кіліан,Hoàng Thịnh
m_name.gwelts.394,Клейборн,Claiborne,,Claiborne,,,,,,,,,,,,Клейборн,Hùng Hòa
m_name.gwelts.395,Клэнси,Clancy,,Clancy,,,,,,,,,,,,Кленсі,Hòa Sơn
m_name.gwelts.396,Клири,Cleary,,Cleary,,,,,,,,,,,,Клейрі,Hữu Bảo
m_name.gwelts.397,Кледвин,Cledwyn,,Cledwyn,,,,,,,,,,,,Кледвін,Huy Tùng
m_name.gwelts.398,Клем,Cleme,,Cleme,,,,,,,,,,,,Клем,Hưng Vinh
m_name.gwelts.399,Клеон,Cleon,,Cleon,,,,,,,,,,,,Клеон,Hải Mạnh
m_name.gwelts.400,Клодаг,Clodagh,,Clodagh,,,,,,,,,,,,Клодаґ,Hoàng Thái
m_name.gwelts.401,Клодаг,Clodagh,,Clodagh,,,,,,,,,,,,Клодаґ,Hào Quyên
m_name.gwelts.402,Клодовей,Clodoveus,,Clodoveus,,,,,,,,,,,,Клодовеус,Hữu Quân
m_name.gwelts.403,Клонмор,Clonmore,,Clonmore,,,,,,,,,,,,Клонмор,Huy Lâm
m_name.gwelts.404,Клодаг,Clodagh,,Clodagh,,,,,,,,,,,,Клодаґ,Hoàng Sơn
m_name.gwelts.405,Кобхтах,Cogadh,,Cogadh,,,,,,,,,,,,Коґад,Hưng Hòa
m_name.gwelts.406,Колла,Colla,,Colla,,,,,,,,,,,,Колла,Hải Tài
m_name.gwelts.407,Коллум,Collum,,Collum,,,,,,,,,,,,Коллум,Isaac Minh
m_name.gwelts.408,Коман,Coman,,Coman,,,,,,,,,,,,Комен,Ivan Đạt
m_name.gwelts.409,Комгалл,Comgall,,Comgall,,,,,,,,,,,,Комґаль,Ian Phúc
m_name.gwelts.410,Конайр,Conaire,,Conaire,,,,,,,,,,,,Конейр,Isaiah Vinh
m_name.gwelts.411,Коналл,Conall,,Conall,,,,,,,,,,,,Конал,Ivan An
m_name.gwelts.412,Конан,Conan,,Conan,,,,,,,,,,,,Конанн,Isaac Quyết
m_name.gwelts.413,Конан,Conan,,Conan,,,,,,,,,,,,Коннан,Ian Tài
m_name.gwelts.414,Конн,Conn,,Conn,,,,,,,,,,,,Конн,Isaiah Hòa
m_name.gwelts.415,Коннер,Conner,,Conner,,,,,,,,,,,,Коннер,Ivan Tiến
m_name.gwelts.416,Клодаг,Clodagh,,Clodagh,,,,,,,,,,,,Клодаґ,Isaac Hưng
m_name.gwelts.417,Коннолли,Connolly,,Connolly,,,,,,,,,,,,Коноллі,Ian Luân
m_name.gwelts.418,Конор,Conor,,Conor,,,,,,,,,,,,Коннор,Isaiah Đăng
m_name.gwelts.419,Конрой,Conroy,,Conroy,,,,,,,,,,,,Конрой,Ivan Quyên
m_name.gwelts.420,Консалус,Consalus,,Consalus,,,,,,,,,,,,Конзалус,Isaac Sơn
m_name.gwelts.421,Конвери,Convery,,Convery,,,,,,,,,,,,Конвері,Ian Khoa
m_name.gwelts.422,Кули,Cooley,,Cooley,,,,,,,,,,,,Кулі,Isaiah Bảo
m_name.gwelts.423,Кормак,Cormac,,Cormac,,,,,,,,,,,,Кормак,Ivan Mạnh
m_name.gwelts.424,Корриган,Corrigan,,Corrigan,,,,,,,,,,,,Корріґан,Isaac Đạt
m_name.gwelts.425,Корриган,Corrigan,,Corrigan,,,,,,,,,,,,Корріган,Ian Quyết
m_name.gwelts.426,Кори,Cory,,Cory,,,,,,,,,,,,Корі,Isaiah Tài
m_name.gwelts.427,Крей,Craigh,,Craigh,,,,,,,,,,,,Крейг,Ivan Thịnh
m_name.gwelts.428,Крей,Craigh,,Craigh,,,,,,,,,,,,Крег,Isaac Vinh
m_name.gwelts.429,Креван,Crevan,,Crevan,,,,,,,,,,,,Кріван,Ian Hoàng
m_name.gwelts.430,Криспин,Crispin,,Crispin,,,,,,,,,,,,Кріспін,Isaiah Phúc
m_name.gwelts.431,Криспин,Crispin,,Crispin,,,,,,,,,,,,Крістін,Ivan Tâm
m_name.gwelts.432,Кулейн,Culain,,Colain,,,,,,,,,,,,Кулейн,Isaac Hòa
m_name.gwelts.433,Куллен,Cullen,,Cullen,,,,,,,,,,,,Кулен,Ian Quyên
m_name.gwelts.434,Куллинан,Cullinan,,Cullinan,,,,,,,,,,,,Кулінан,Isaiah An
m_name.gwelts.435,Кумхеа,Cumhea,,Comhea,,,,,,,,,,,,Камхе,Ivan Thái
m_name.gwelts.436,Катберт,Cuthbert,,Cuthbert,,,,,,,,,,,,Катберт,Isaac Đăng
m_name.gwelts.437,Катберт,Cuthbert,,Cuthbert,,,,,,,,,,,,Катберт,Ian Bình
m_name.gwelts.438,Синбел,Cynbel,,Cynbel,,,,,,,,,,,,Сінбел,Isaiah Tiến
m_name.gwelts.439,Синбелд,Cynebald,,Cynebald,,,,,,,,,,,,Сінебальд,Ivan Luân
m_name.gwelts.440,Синевард,Cyneweard,,Cyneweard,,,,,,,,,,,,Сайнверд,Isaac Khoa
m_name.gwelts.441,Синрик,Cynric,,Cynric,,,,,,,,,,,,Сінрік,Ian Quyết
m_name.gwelts.442,Сирано,Cyrano,,Cyrano,,,,,,,,,,,,Сірано,Isaiah Sơn
m_name.gwelts.443,Систеннин,Cystennin,,Cystennin,,,,,,,,,,,,Сіштен,Ivan Vũ
m_name.gwelts.444,Бартолемос,Aed,,Aed,,,,,,,,,,,,Ейд,Isaac Quyên
m_name.gwelts.445,Бартоломос,Ailbe,,Ailbe,,,,,,,,,,,,Ельбе,Ian Nhi
m_name.gwelts.446,Бенедикт,Aodh,,Aodh,,,,,,,,,,,,Одеґ,Isaiah Minh
m_name.gwelts.447,Берингар,Aodhan,,Aodhan,,,,,,,,,,,,Одґан,Ivan Hòa
m_name.gwelts.448,Бернд,Ardal,,Ardal,,,,,,,,,,,,Ардал,Isaac Tùng
m_name.gwelts.449,Берн,Art,,Art,,,,,,,,,,,,Арт,Ian Phong
m_name.gwelts.450,Бернхард,Barra,,Bartan,,,,,,,,,,,,Барра,Isaiah Mạnh
m_name.gwelts.451,Бертолд,Bevan,,Bevan,,,,,,,,,,,,Беван,Ivan Đăng
m_name.gwelts.452,Берхард,Bran,,Bran,,,,,,,,,,,,Бран,Isaac Quân
m_name.gwelts.453,Болдер,Caolan,,Caolan,,,,,,,,,,,,Каолан,Ian Quyết
m_name.gwelts.454,Бруно,Cian,,Cian,,,,,,,,,,,,Сайан,Khoa Minh
m_name.gwelts.455,Брунс,Ciaran,,Ciaran,,,,,,,,,,,,Кіран,Khôi An
m_name.gwelts.456,Варин,Cillian,,Cillian,,,,,,,,,,,,Кілліан,Kinh Đạt
m_name.gwelts.457,Вендэль,Colm,,Colm,,,,,,,,,,,,Кольм,Khánh Vinh
m_name.gwelts.458,Вензэль,Conall,,Conall,,,,,,,,,,,,Конал,Khang Hoàng
m_name.gwelts.459,Вернер,Conleth,,Conleth,,,,,,,,,,,,Конлет,Khải Đức
m_name.gwelts.460,Вертэр,Cormac,,Cormac,,,,,,,,,,,,Кормак,Khoa Tiến
m_name.gwelts.461,Виг,Cuan,,Cuan,,,,,,,,,,,,Куан,Khôi Hòa
m_name.gwelts.462,Виланд,Daire,,Daire,,,,,,,,,,,,Дейре,Kinh Phúc
m_name.gwelts.463,Вилберт,Dara,,Dara,,,,,,,,,,,,Дарра,Khánh Sơn
m_name.gwelts.464,Виллафрид,Darragh,,Darragh,,,,,,,,,,,,Дараґ,Khang Tài
m_name.gwelts.465,Вилли,Declan,,Declan,,,,,,,,,,,,Декланн,Khải Quyết
m_name.gwelts.466,Вилфрид,Diarmuid,,Diarmuid,,,,,,,,,,,,Дойрмуд,Khoa Hưng
m_name.gwelts.467,Вилфрит,Donal,,Donal,,,,,,,,,,,,Донал,Khôi Quyên
m_name.gwelts.468,Вилхелм,Donn,,Donn,,,,,,,,,,,,Донн,Kinh Tâm
m_name.gwelts.469,Вим,Doire,,Doire,,,,,,,,,,,,Дойре,Khánh Đăng
m_name.gwelts.470,Вим,Doire,,Doire,,,,,,,,,,,,Дайре,Khang Quyên
m_name.gwelts.471,Винфрид,Eanna,,Eanna,,,,,,,,,,,,Еан,Khải Vinh
m_name.gwelts.472,Витолд,Eoghan,,Eoghan,,,,,,,,,,,,Оґан,Khoa Sơn
m_name.gwelts.473,Воинот,Eoin,,Eoin,,,,,,,,,,,,Ойн,Khôi Tùng
m_name.gwelts.474,Волдемар,Faelan,,Faelan,,,,,,,,,,,,Філан,Kinh Luân
m_name.gwelts.475,Волдо,Faolan,,Faolan,,,,,,,,,,,,Фолан,Khánh Quyết
m_name.gwelts.476,Волдхар,Fear,,Fear,,,,,,,,,,,,Фейр,Khang Hòa
m_name.gwelts.477,Аед,Aed,,Aed,,,,,,,,,,,,Ейд,Khải Tiến
m_name.gwelts.478,Эйльбе,Ailbe,,Ailbe,,,,,,,,,,,,Елбе,Khoa Đăng
m_name.gwelts.479,Алаоис,Alaois,,Alaois,,,,,,,,,,,,Алоіс,Khôi Minh
m_name.gwelts.480,Аодх,Aodh,,Aodh,,,,,,,,,,,,Одеґ,Kinh Hòa
m_name.gwelts.481,Аодхан,Aodhan,,Aodhan,,,,,,,,,,,,Одґан,Khánh Mạnh
m_name.gwelts.482,Ардал,Ardal,,Ardal,,,,,,,,,,,,Ардел,Khang An
m_name.gwelts.483,Арт,Art,,Art,,,,,,,,,,,,Арат,Khải Hưng
m_name.gwelts.484,Барра,Barra,,Bartan,,,,,,,,,,,,Барра,Khoa Quyết
m_name.gwelts.485,Беван,Bevan,,Bevan,,,,,,,,,,,,Беванн,Khôi Phúc
m_name.gwelts.486,Бран,Bran,,Bran,,,,,,,,,,,,Браан,Kinh Sơn
m_name.gwelts.487,Каолан,Caolan,,Caolan,,,,,,,,,,,,Каолан,Khánh Khoa
m_name.gwelts.488,Каррайг,Carraig,,Carraig,,,,,,,,,,,,Каррейґ,Khang Đạt
m_name.gwelts.489,Бран,Bran,,Bran,,,,,,,,,,,,Брен,Khải Đăng
m_name.gwelts.490,Киаран,Ciaran,,Ciaran,,,,,,,,,,,,Кіран,Khoa Vinh
m_name.gwelts.491,Киллиан,Cillian,,Cillian,,,,,,,,,,,,Кілліан,Khôi Hòa
m_name.gwelts.492,Кнаф,Cnaf,,Cnaf,,,,,,,,,,,,Кнаф,Kinh An
m_name.gwelts.493,Койлан,Coilean,,Coilean,,,,,,,,,,,,Койлен,Khánh Luân
m_name.gwelts.494,Колм,Colm,,Colm,,,,,,,,,,,,Кольм,Khang Tâm
m_name.gwelts.495,Коналл,Conall,,Conall,,,,,,,,,,,,Конал,Khải Quyên
m_name.gwelts.496,Конан,Conan,,Conan,,,,,,,,,,,,Конанн,Khoa Bảo
m_name.gwelts.497,Конхобхар,Conchobhar,,Conchobhar,,,,,,,,,,,,Конхобар,Khôi Tiến
m_name.gwelts.498,Конн,Conn,,Conn,,,,,,,,,,,,Конн,Kinh Quyết
m_name.gwelts.499,Кормак,Cormac,,Cormac,,,,,,,,,,,,Кормак,Khánh Đạt
m_name.gwelts.500,Кримтанн,Crimthann,,Crimthann,,,,,,,,,,,,Крімтан,Khang Luân
m_name.gwelts.501,Куинн,Cuinn,,Cuinn,,,,,,,,,,,,Квін,Khải Quyên
m_name.gwelts.502,Дайти,Daithi,,Daithi,,,,,,,,,,,,Дайті,Khoa Hoàng
m_name.gwelts.503,Дайре,Daire,,Daire,,,,,,,,,,,,Дайре,Khôi Hưng
m_name.gwelts.504,Дарраг,Darragh,,Darragh,,,,,,,,,,,,Дарраґ,Kinh Đăng
m_name.gwelts.505,Деклан,Declan,,Declan,,,,,,,,,,,,Деклан,Khánh Tài
m_name.gwelts.506,Деогол,Deogol,,Deogol,,,,,,,,,,,,Деґол,Khang Quyết
m_name.gwelts.507,Диармуид,Diarmuid,,Diarmuid,,,,,,,,,,,,Дайрмуд,Khải Quyên
m_name.gwelts.508,Донн,Donn,,Donn,,,,,,,,,,,,Дон,Khoa Tùng
m_name.gwelts.509,Доннчад,Donnchadh,,Donnchadh,,,,,,,,,,,,Дончад,Khôi Đạt
m_name.gwelts.510,Донал,Donal,,Donal,,,,,,,,,,,,Доннал,Kinh Quyết
m_name.gwelts.511,Дугалл,Dughall,,Dughall,,,,,,,,,,,,Дуґал,Khánh An
m_name.gwelts.512,Имон,Eamon,,Eamon,,,,,,,,,,,,Еймон,Khang Thịnh
m_name.gwelts.513,Эанна,Eanna,,Eanna,,,,,,,,,,,,Еанн,Khải Tài
m_name.gwelts.514,Эоган,Eoghan,,Eoghan,,,,,,,,,,,,Оґан,Lâm Dũng
m_name.gwelts.515,Эоин,Eoin,,Eoin,,,,,,,,,,,,Ойн,Long An
m_name.gwelts.516,Эрнан,Ernan,,Ernan,,,,,,,,,,,,Ернан,Lực Minh
m_name.gwelts.517,Фахтна,Fachtna,,Fachtna,,,,,,,,,,,,Фахта,Lợi Đạt
m_name.gwelts.518,Фаолан,Faolan,,Faolan,,,,,,,,,,,,Фолан,Lê Vinh
m_name.gwelts.519,Фергус,Fergus,,Fergus,,,,,,,,,,,,Фергус,Luân Sơn
m_name.gwelts.520,Фиакр,Fiacre,,Fiacre,,,,,,,,,,,,Фіакр,Lâm Quyết
m_name.gwelts.521,Финтан,Fintan,,Fintan,,,,,,,,,,,,Фінтан,Lộc Tiến
m_name.gwelts.522,Финн,Finn,,Finn,,,,,,,,,,,,Фінн,Lê Hoàng
m_name.gwelts.523,Фиакр,Fiachra,,Fiachra,,,,,,,,,,,,Файкра,Lâm Khoa
m_name.gwelts.524,Фланн,Flann,,Flann,,,,,,,,,,,,Фланн,Lê Tài
m_name.gwelts.525,Гартан,Gartan,,Gartan,,,,,,,,,,,,Ґартан,Luân Hòa
m_name.gwelts.526,Героид,Gearoid,,Gearoid,,,,,,,,,,,,Ґеаройд,Lợi Tâm
m_name.gwelts.527,Гобан,Goban,,Goban,,,,,,,,,,,,Ґобан,Lê Phúc
m_name.gwelts.528,Гормлайт,Gormlaith,,Gormlaith,,,,,,,,,,,,Ґормлет,Lâm Thịnh
m_name.gwelts.529,Ириал,Irial,,Irial,,,,,,,,,,,,Іріал,Luân An
m_name.gwelts.530,Кормак,Cormac,,Cormac,,,,,,,,,,,,Кормак,Lê Hưng
m_name.gwelts.531,Килан,Keelan,,Keelan,,,,,,,,,,,,Кілан,Lộc Minh
m_name.gwelts.532,Киран,Kieran,,Kieran,,,,,,,,,,,,Кіеран,Lê Quyết
m_name.gwelts.533,Киллиан,Killian,,Killian,,,,,,,,,,,,Кілліен,Lâm Đăng
m_name.gwelts.534,Килан,Labhrainn,,Labhrainn,,,,,,,,,,,,Лабрейн,Lê Sơn
m_name.gwelts.535,Лахтна,Lachtna,,Lachtna,,,,,,,,,,,,Лахта,Lợi Quyên
m_name.gwelts.536,Лаосеах,Laoiseach,,Laoiseach,,,,,,,,,,,,Лойчех,Lâm Hòa
m_name.gwelts.537,Лоркан,Lorcan,,Lorcan,,,,,,,,,,,,Лоркан,Luân Tài
m_name.gwelts.538,Луг,Lugh,,Lugh,,,,,,,,,,,,Х'ю,Lê Luân
m_name.gwelts.539,Маэл,Mael,,Mael,,,,,,,,,,,,Мейл,Lộc Quyên
m_name.gwelts.540,Малахия,Malachy,,Malachy,,,,,,,,,,,,Малак,Lê Đạt
m_name.gwelts.541,Мананнан,Manannan,,Manannan,,,,,,,,,,,,Меннен,Lâm Tùng
m_name.gwelts.542,Маркас,Marcas,,Marcas,,,,,,,,,,,,Маркас,Lê Thái
m_name.gwelts.543,Мел,Mel,,Mel,,,,,,,,,,,,Мел,Luân Hưng
m_name.gwelts.544,Мохта,Mochta,,Mochta,,,,,,,,,,,,Мокта,Lợi Đăng
m_name.gwelts.545,Мойрин,Moirin,,Moirin,,,,,,,,,,,,Мойрін,Lê An
m_name.gwelts.546,Мойрин,Moirin,,Moirin,,,,,,,,,,,,Мойрін,Lộc Vinh
m_name.gwelts.547,Ойсин,Oisin,,Oisin,,,,,,,,,,,,Ойзін,Lâm Tâm
m_name.gwelts.548,Наоиз,Naoise,,Naoise,,,,,,,,,,,,Нойсе,Lê Bảo
m_name.gwelts.549,Ниалл,Niall,,Niall,,,,,,,,,,,,Ньяль,Luân Quyết
m_name.gwelts.550,Одхран,Odhran,,Odhran,,,,,,,,,,,,Одґран,Lợi Quyên
m_name.gwelts.551,Ойсин,Oisin,,Oisin,,,,,,,,,,,,Ойзін,Lê Trí
m_name.gwelts.552,Ойсин,Oisin,,Oisin,,,,,,,,,,,,Ойзін,Lâm Vinh
m_name.gwelts.553,Ойсин,Oisin,,Oisin,,,,,,,,,,,,Ойзін,Luân Quyết
m_name.gwelts.554,Риордан,Riordan,,Riordan,,,,,,,,,,,,Ріордан,Lợi Hòa
m_name.gwelts.555,Ристард,Risteard,,Risteard,,,,,,,,,,,,Рістерд,Lê Tiến
m_name.gwelts.556,Ронан,Ronan,,Ronan,,,,,,,,,,,,Ронан,Lâm Mạnh
m_name.gwelts.557,Руараид,Ruaraidh,,Ruaraidh,,,,,,,,,,,,Рурі,Lê Khoa
m_name.gwelts.558,Руарк,Ruarc,,Ruarc,,,,,,,,,,,,Руарк,Luân Thịnh
m_name.gwelts.559,Руаидри,Ruaidhri,,Ruaidhri,,,,,,,,,,,,Рудрі,Lợi Tùng
m_name.gwelts.560,Руайри,Ruairi,,Ruairi,,,,,,,,,,,,Руйрі,Lê Hoàng
m_name.gwelts.561,Шон,Sean,,Sean,,,,,,,,,,,,Шон,Lâm Quyên
m_name.gwelts.562,Шеймус,Seamus,,Seamus,,,,,,,,,,,,Сімус,Lê Vũ
m_name.gwelts.563,Седна,Sedna,,Sedna,,,,,,,,,,,,Седна,Luân Đăng
m_name.gwelts.564,Сенан,Senan,,Senan,,,,,,,,,,,,Сенанн,Lợi Sơn
m_name.gwelts.565,Сенан,Senan,,Senan,,,,,,,,,,,,Сенанн,Lê Nhi
m_name.gwelts.566,Руарк,Ruarc,,Ruarc,,,,,,,,,,,,Руарк,Lâm Đăng
m_name.gwelts.567,Руарк,Ruarc,,Ruarc,,,,,,,,,,,,Руарк,Luân Vinh
m_name.gwelts.568,Руарк,Ruarc,,Ruarc,,,,,,,,,,,,Руарк,Lê Thịnh
m_name.gwelts.569,Тадхг,Tadhg,,Tadhg,,,,,,,,,,,,Тадеґ,Lợi Quyết
m_name.gwelts.570,Таран,Taran,,Taran,,,,,,,,,,,,Таран,Lê Khoa
m_name.gwelts.571,Тойрдельбах,Toirdelbach,,Toirdelbach,,,,,,,,,,,,Тордельбах,Lâm Hưng
m_name.gwelts.572,Турлаф,Turlough,,Turlough,,,,,,,,,,,,Турлоу,Luân Quyên
m_name.gwelts.573,Уилльям,Uilliam,,Uilliam,,,,,,,,,,,,Уліам,Lê Bảo
m_name.gwelts.574,Ултан,Ultan,,Ultan,,,,,,,,,,,,Ультан,Minh Hoàng
m_name.gwelts.575,Ольхе,Uaithne,,Uaithne,,,,,,,,,,,,Утне,Mạnh Dũng
m_name.gwelts.576,Феаргус,Fearghus,,Fearghus,,,,,,,,,,,,Феаргус,Minh Quân
m_name.gwelts.577,Фионн,Fionn,,Fionn,,,,,,,,,,,,Фйонн,Mạnh Hòa
m_name.gwelts.578,Фраох,Fraoch,,Fraoch,,,,,,,,,,,,Фрох,Minh Đức
m_name.gwelts.579,Гаван,Gavan,,Gavan,,,,,,,,,,,,Ґаван,Mạnh An
m_name.gwelts.580,Грейд,Graid,,Graid,,,,,,,,,,,,Ґрейд,Minh Vinh
m_name.gwelts.581,Иоллан,Iollan,,Iollan,,,,,,,,,,,,Йоланн,Mạnh Tiến
m_name.gwelts.582,Ломан,Loman,,Loman,,,,,,,,,,,,Ломан,Minh Tài
m_name.gwelts.583,Лоркан,Lorcan,,Lorcan,,,,,,,,,,,,Лоркан,Mạnh Quyên
m_name.gwelts.584,Майнчин,Mainchin,,Mainchin,,,,,,,,,,,,Мейнкін,Minh Đạt
m_name.gwelts.585,Ниалл,Niall,,Niall,,,,,,,,,,,,Ньяль,Mạnh Sơn
m_name.gwelts.586,Од,Od,,Od,,,,,,,,,,,,Од,Minh Luân
m_name.gwelts.587,Фергал,Fergal,,Fergal,,,,,,,,,,,,Ферґал,Mạnh Thịnh
m_name.gwelts.588,Фергус,Fergus,,Fergus,,,,,,,,,,,,Фергус,Minh Tâm
m_name.gwelts.589,Финбар,Finbar,,Finbar,,,,,,,,,,,,Фінбар,Mạnh Hưng
m_name.gwelts.590,Фионн,Fionn,,Fionn,,,,,,,,,,,,Фйонн,Minh Quyết
m_name.gwelts.591,Фиакра,Fiachra,,Fiachra,,,,,,,,,,,,Файкра,Mạnh Phúc
m_name.gwelts.592,Фланн,Flann,,Flann,,,,,,,,,,,,Фланн,Minh Thái
m_name.gwelts.593,Гарбх,Garbh,,Garbh,,,,,,,,,,,,Ґарб,Mạnh Khoa
m_name.gwelts.594,Гаван,Gavan,,Gavan,,,,,,,,,,,,Ґаванн,Minh Hòa
m_name.gwelts.595,Героид,Gearoid,,Gearoid,,,,,,,,,,,,Ґеройд,Mạnh Đăng
m_name.gwelts.596,Горм,Gorm,,Gorm,,,,,,,,,,,,Ґорм,Minh Tùng
m_name.gwelts.597,Иарлайт,Iarlaith,,Iarlaith,,,,,,,,,,,,Ярлейт,Mạnh Quyết
m_name.gwelts.598,Иоллан,Iollan,,Iollan,,,,,,,,,,,,Йоланн,Minh Hải
m_name.gwelts.599,Ивор,Ivor,,Ivor,,,,,,,,,,,,Айвар,Mạnh Trí
m_name.gwelts.600,Кин,Keane,,Keane,,,,,,,,,,,,Кієн,Minh Bảo
m_name.gwelts.601,Катал,Cathal,,Cathal,,,,,,,,,,,,Катал,Mạnh Luân
m_name.gwelts.602,Киран,Kieran,,Kieran,,,,,,,,,,,,Кіеран,Minh Quyên
m_name.gwelts.603,Лир,Lir,,Lir,,,,,,,,,,,,Лір,Mạnh Hòa
m_name.gwelts.604,Лоркан,Lorcan,,Lorcan,,,,,,,,,,,,Лоркан,Minh Sơn
m_name.gwelts.605,Луг,Lugh,,Lugh,,,,,,,,,,,,Х'ю,Mạnh Vinh
m_name.gwelts.606,Лунн,Lunn,,Lunn,,,,,,,,,,,,Лунн,Minh Đăng
m_name.gwelts.607,Маэл,Mael,,Mael,,,,,,,,,,,,Мейл,Mạnh Thái
m_name.gwelts.608,Малахия,Malachy,,Malachy,,,,,,,,,,,,Малак,Minh Hoàng
m_name.gwelts.609,Манникс,Mannix,,Mannix,,,,,,,,,,,,Маннікс,Mạnh Tâm
m_name.gwelts.610,Мэл,Mel,,Mel,,,,,,,,,,,,Мел,Minh An
m_name.gwelts.611,Ниалл,Niall,,Niall,,,,,,,,,,,,Ньяль,Mạnh Quý
m_name.gwelts.612,Одхран,Odhran,,Odhran,,,,,,,,,,,,Одґран,Minh Khoa
m_name.gwelts.613,Ойсин,Oisin,,Oisin,,,,,,,,,,,,Ойзін,Mạnh Hải
m_name.gwelts.614,Олкан,Olcan,,Olcan,,,,,,,,,,,,Олькан,Minh Tài
m_name.gwelts.615,Пэдар,Peadar,,Peadar,,,,,,,,,,,,Пейдар,Mạnh Nhi
m_name.gwelts.616,Пирс,Pearse,,Pearse,,,,,,,,,,,,Перс,Minh Luân
m_name.gwelts.617,Риан,Rian,,Rian,,,,,,,,,,,,Райан,Mạnh Hưng
m_name.gwelts.618,Ронан,Ronan,,Ronan,,,,,,,,,,,,Ронан,Minh Vũ
m_name.gwelts.619,Ронан,Ronan,,Ronan,,,,,,,,,,,,Ронан,Mạnh Quyết
m_name.gwelts.620,Руари,Ruairi,,Ruairi,,,,,,,,,,,,Руйрі,Minh Đạt
m_name.gwelts.621,Шон,Sean,,Sean,,,,,,,,,,,,Шон,Mạnh Tiến
m_name.gwelts.622,Шеймус,Seamus,,Seamus,,,,,,,,,,,,Сімус,Minh Quyên
m_name.gwelts.623,Сенан,Senan,,Senan,,,,,,,,,,,,Сенанн,Mạnh Bảo
m_name.gwelts.624,Сетанта,Setanta,,Setanta,,,,,,,,,,,,Сетанта,Minh Tùng
m_name.gwelts.625,Шейн,Shane,,Shane,,,,,,,,,,,,Шейн,Mạnh Thịnh
m_name.gwelts.626,Шей,Shay,,Shay,,,,,,,,,,,,Шей,Minh Trí
m_name.gwelts.627,Ши,Shea,,Shea,,,,,,,,,,,,Шіа,Mạnh Sơn
m_name.gwelts.628,Тадхг,Tadhg,,Tadhg,,,,,,,,,,,,Тадеґ,Minh Phúc
m_name.gwelts.629,Тиг,Teague,,Teague,,,,,,,,,,,,Тіґ,Mạnh Hòa
m_name.gwelts.630,Тирнан,Tiernan,,Tiernan,,,,,,,,,,,,Тірнан,Minh Hải
m_name.gwelts.631,Тиге,Tighe,,Tighe,,,,,,,,,,,,Тіґе,Mạnh Đăng
m_name.gwelts.632,Торин,Torin,,Torin,,,,,,,,,,,,Торін,Minh Quyết
m_name.gwelts.633,Турлаф,Turlough,,Turlough,,,,,,,,,,,,Турлоу,Mạnh Hưng
m_name.gwelts.634,Сигберт,Sigbert,,Sigbert,,,,,,,,,,,,Зігберт,Nam Đạt
m_name.gwelts.635,Сигманд,Sigmand,,Sigmand,,,,,,,,,,,,Зіґманд,Ngọc Minh
m_name.gwelts.636,Сигфрид,Sigfrid,,Sigfrid,,,,,,,,,,,,Зіґфред,Nhân An
m_name.gwelts.637,Сиджи,Siji,,Siji,,,,,,,,,,,,Сіджі,Nam Tài
m_name.gwelts.638,Сиджисвалд,Sijiswald,,Sijiswald,,,,,,,,,,,,Сіджівальд,Ngọc Vinh
m_name.gwelts.639,Сиджисманд,Sijismand,,Sijismand,,,,,,,,,,,,Сіджіменд,Nhân Tiến
m_name.gwelts.640,Сик,Sik,,Sik,,,,,,,,,,,,Сік,Nam Quyết
m_name.gwelts.641,Симен,Simen,,Simen,,,,,,,,,,,,Саймен,Ngọc Hoàng
m_name.gwelts.642,Стефан,Stefan,,Stefan,,,,,,,,,,,,Штефан,Nhân Đăng
m_name.gwelts.643,Стеффен,Steffen,,Steffen,,,,,,,,,,,,Штеффен,Nam Sơn
m_name.gwelts.644,Танкред,Tancred,,Tancred,,,,,,,,,,,,Танкред,Ngọc Tâm
m_name.gwelts.645,Тарк,Tark,,Tark,,,,,,,,,,,,Тарк,Nhân Luân
m_name.gwelts.646,Тедерик,Tederic,,Tederic,,,,,,,,,,,,Тедерік,Nam Hưng
m_name.gwelts.647,Тилл,Till,,Till,,,,,,,,,,,,Тілл,Ngọc Tài
m_name.gwelts.648,Тилло,Tillot,,Tillot,,,,,,,,,,,,Тіллот,Nhân Thịnh
m_name.gwelts.649,Улрик,Ulrik,,Ulrik,,,,,,,,,,,,Ульрік,Nam Quyên
m_name.tanaya.650,Алеон,Aleon,,Aleon,,,,,,,,,,,,Алеон,Ngọc Quyết
m_name.tanaya.651,Грилос,Grilos,,Groto,,,,,,,,,,,,Ґрілос,Nhân Khoa
m_name.tanaya.652,Пенелис,Penelis,,Penelis,,,,,,,,,,,,Пенеліс,Nam Phúc
m_name.tanaya.653,Калитон,Kaliton,,Kaliton,,,,,,,,,,,,Калітон,Ngọc Đạt
m_name.tanaya.654,Дримиос,Drimios,,Drimios,,,,,,,,,,,,Дрімуа,Nhân Hòa
m_name.tanaya.655,Леонет,Leonet,,Leonet,,,,,,,,,,,,Леонет,Nam Tùng
m_name.tanaya.656,Пирелис,Pirelis,,Pirelis,,,,,,,,,,,,Піреліс,Ngọc Luân
m_name.tanaya.657,Галонос,Galonos,,Galonos,,,,,,,,,,,,Ґалонос,Nhân Vinh
m_name.tanaya.658,Трендас,Trendas,,Trendas,,,,,,,,,,,,Трендас,Nam Bảo
m_name.tanaya.659,Филеон,Fileon,,Fileon,,,,,,,,,,,,Філеон,Ngọc Tùng
m_name.tanaya.660,Каларис,Kalaris,,Kalaris,,,,,,,,,,,,Каларіс,Nhân Quyên
m_name.tanaya.661,Дриман,Driman,,Driman,,,,,,,,,,,,Дріман,Nam Hải
m_name.tanaya.662,Энерион,Enerion,,Enerion,,,,,,,,,,,,Енеріон,Ngọc Thái
m_name.tanaya.663,Тимелос,Timelos,,Timelos,,,,,,,,,,,,Тімелос,Nhân Trí
m_name.tanaya.664,Степанис,Stepanis,,Stepanis,,,,,,,,,,,,Штеніс,Nam Quyết
m_name.tanaya.665,Перион,Perion,,Perion,,,,,,,,,,,,Періон,Ngọc Sơn
m_name.tanaya.666,Лилиос,Lilios,,Lilios,,,,,,,,,,,,Ліліос,Nhân Hòa
m_name.tanaya.667,Фалерос,Faleros,,Faleros,,,,,,,,,,,,Фалерос,Nam Khoa
m_name.tanaya.668,Делонис,Delonis,,Delonis,,,,,,,,,,,,Делоніс,Ngọc Đăng
m_name.tanaya.669,Теронид,Teronid,,Teronid,,,,,,,,,,,,Теронід,Nhân Thái
m_name.tanaya.670,Виларис,Vilaris,,Vilaris,,,,,,,,,,,,Віларіс,Nam Vinh
m_name.tanaya.671,Пелетос,Peletos,,Peletos,,,,,,,,,,,,Пелетос,Ngọc Phúc
m_name.tanaya.672,Лендор,Lendor,,Lendor,,,,,,,,,,,,Лендор,Nhân Tài
m_name.tanaya.673,Аримон,Arimon,,Arimon,,,,,,,,,,,,Арімон,Nam An
m_name.tanaya.674,Телерон,Teleron,,Teleron,,,,,,,,,,,,Телерон,Ngọc Quyên
m_name.tanaya.675,Финело,Finelo,,Finelo,,,,,,,,,,,,Фінело,Nhân Mạnh
m_name.tanaya.676,Дримет,Drimet,,Drimet,,,,,,,,,,,,Дрімет,Nam Tiến
m_name.tanaya.677,Пелиор,Pelior,,Pelior,,,,,,,,,,,,Пеліор,Ngọc Trí
m_name.tanaya.678,Гранеос,Graneos,,Graneos,,,,,,,,,,,,Ґранес,Nhân Quyết
m_name.tanaya.679,Лиренис,Lirenis,,Lirenis,,,,,,,,,,,,Ліреніс,Nam Thịnh
m_name.tanaya.680,Тименор,Timenor,,Timenor,,,,,,,,,,,,Тіменор,Ngọc Hưng
m_name.tanaya.681,Филид,Filid,,Filid,,,,,,,,,,,,Філід,Nhân Đạt
m_name.tanaya.682,Гелоран,Geloran,,Geloran,,,,,,,,,,,,Ґелоран,Nam Tâm
m_name.tanaya.683,Дримел,Drimel,,Drimel,,,,,,,,,,,,Дрімел,Ngọc Luân
m_name.tanaya.684,Калетон,Kaleton,,Kaleton,,,,,,,,,,,,Калетон,Nhân Bảo
m_name.tanaya.685,Тиленос,Tilenos,,Tilenos,,,,,,,,,,,,Тіленос,Nam Quyên
m_name.tanaya.686,Лендри,Lendri,,Lendri,,,,,,,,,,,,Лендрі,Ngọc Sơn
m_name.tanaya.687,Перилос,Perilos,,Perilos,,,,,,,,,,,,Перілос,Nhân Hưng
m_name.tanaya.688,Арелис,Arelis,,Arelis,,,,,,,,,,,,Ареліс,Nam Thái
m_name.tanaya.689,Филинор,Filinor,,Filinor,,,,,,,,,,,,Філінор,Ngọc Quyết
m_name.tanaya.690,Гелитон,Geliton,,Geliton,,,,,,,,,,,,Ґелітон,Nhân Phúc
m_name.tanaya.691,Дримор,Drimor,,Drimor,,,,,,,,,,,,Дрімор,Nam Hải
m_name.tanaya.692,Телонис,Telonis,,Telonis,,,,,,,,,,,,Телоніс,Ngọc An
m_name.tanaya.693,Перен,Peren,,Peren,,,,,,,,,,,,Перен,Nhân Tùng
m_name.tanaya.694,Галерон,Galeron,,Galeron,,,,,,,,,,,,Ґелерон,Ôn Minh
m_name.tanaya.695,Лилидор,Lilidor,,Lilidor,,,,,,,,,,,,Лілідор,Ông Hưng
m_name.tanaya.696,Каленис,Kalenis,,Kalenis,,,,,,,,,,,,Каленіс,Ôn Tiến
m_name.tanaya.697,Тилис,Tilis,,Tilis,,,,,,,,,,,,Тільс,Ông Sơn
m_name.tanaya.698,Энелор,Enelor,,Enelor,,,,,,,,,,,,Енелор,Ôn Quyết
m_name.tanaya.699,Грелид,Grelyd,,Grelyd,,,,,,,,,,,,Ґрелід,Ôn Vinh
m_name.tanaya.700,Лирикос,Lirikos,,Lirikos,,,,,,,,,,,,Лірікос,Ông Đạt
m_name.tanaya.701,Паленор,Palenor,,Palenor,,,,,,,,,,,,Пеленор,Ôn Tài
m_name.tanaya.702,Ферон,Feron,,Feron,,,,,,,,,,,,Ферон,Ông Khoa
m_name.tanaya.703,Тримос,Trimos,,Trimos,,,,,,,,,,,,Трімос,Ôn Đăng
m_name.tanaya.704,Галор,Galor,,Galor,,,,,,,,,,,,Ґалор,Ông Quyên
m_name.tanaya.705,Делон,Delon,,Delon,,,,,,,,,,,,Делон,Ôn Thịnh
m_name.tanaya.706,Лорон,Loron,,Loron,,,,,,,,,,,,Лорон,Ông An
m_name.tanaya.707,Керис,Keris,,Keris,,,,,,,,,,,,Керіс,Ôn Luân
m_name.tanaya.708,Тирол,Tirol,,Tirol,,,,,,,,,,,,Тірол,Ông Hòa
m_name.tanaya.709,Гримел,Grimel,,Grimel,,,,,,,,,,,,Ґрімель,Ôn Tùng
m_name.tanaya.710,Алерон,Aleron,,Aleron,,,,,,,,,,,,Алерон,Ông Phúc
m_name.tanaya.711,Трендос,Trendos,,Trendos,,,,,,,,,,,,Трендос,Ôn Mạnh
m_name.tanaya.712,Дрелос,Drelos,,Drelos,,,,,,,,,,,,Дрелос,Ông Thái
m_name.tanaya.713,Галери,Galery,,Galery,,,,,,,,,,,,Ґелері,Ôn Hòa
m_name.tanaya.714,Перил,Peril,,Peril,,,,,,,,,,,,Періл,Ông Quyết
m_name.tanaya.715,Лирет,Liret,,Liret,,,,,,,,,,,,Лірет,Ôn Trí
m_name.tanaya.716,Филон,Filon,,Filon,,,,,,,,,,,,Філон,Ông Tiến
m_name.tanaya.717,Дремел,Dremel,,Dremel,,,,,,,,,,,,Дремель,Ôn Đạt
m_name.tanaya.718,Грело,Grelo,,Gralo,,,,,,,,,,,,Ґрело,Ông Quyên
m_name.tanaya.719,Тилен,Tilen,,Tilen,,,,,,,,,,,,Тілен,Ôn Sơn
m_name.tanaya.720,Калор,Kalor,,Kalor,,,,,,,,,,,,Калор,Ông Vinh
m_name.tanaya.721,Перон,Peron,,Peron,,,,,,,,,,,,Перон,Ôn Hưng
m_name.tanaya.722,Дрелик,Drelik,,Drelik,,,,,,,,,,,,Дрелік,Ông Bảo
m_name.tanaya.723,Лирен,Liren,,Liren,,,,,,,,,,,,Лірен,Ôn Tài
m_name.tanaya.724,Грелос,Grelos,,Gralos,,,,,,,,,,,,Ґрелос,Ông Mạnh
m_name.tanaya.725,Трилон,Trilon,,Trilon,,,,,,,,,,,,Трілон,Ôn Phúc
m_name.tanaya.726,Дрило,Drilo,,Drilo,,,,,,,,,,,,Дріло,Ông Luân
m_name.tanaya.727,Пелор,Pelor,,Pelor,,,,,,,,,,,,Пелор,Ôn Thịnh
m_name.tanaya.728,Алеро,Alero,,Alero,,,,,,,,,,,,Алеро,Ông Khoa
m_name.tanaya.729,Грелис,Grelys,,Grelys,,,,,,,,,,,,Ґреліс,Ôn Đăng
m_name.tanaya.730,Лирнос,Lirnos,,Lirnos,,,,,,,,,,,,Лірнос,Ông Quyết
m_name.tanaya.731,Терел,Terel,,Terel,,,,,,,,,,,,Терел,Ôn An
m_name.tanaya.732,Филет,Filet,,Filet,,,,,,,,,,,,Філет,Ông Quyên
m_name.tanaya.733,Дримен,Drimen,,Drimen,,,,,,,,,,,,Дрімен,Ôn Thái
m_name.tanaya.734,Галет,Galet,,Galet,,,,,,,,,,,,Ґелет,Ông Hòa
m_name.tanaya.735,Перик,Perik,,Perik,,,,,,,,,,,,Перік,Ôn Tùng
m_name.tanaya.736,Келор,Kelor,,Kelor,,,,,,,,,,,,Келор,Ông Tiến
m_name.tanaya.737,Трелен,Trelen,,Trelen,,,,,,,,,,,,Трелен,Ôn Quyết
m_name.tanaya.738,Грилет,Grilet,,Grilet,,,,,,,,,,,,Ґрілет,Ông Sơn
m_name.tanaya.739,Дрелен,Drelen,,Drelen,,,,,,,,,,,,Дрелен,Ôn Bảo
m_name.tanaya.740,Тилос,Tilos,,Tilos,,,,,,,,,,,,Тілос,Ông Hưng
m_name.tanaya.741,Гримен,Grimen,,Grimen,,,,,,,,,,,,Ґрімен,Ôn Vinh
m_name.tanaya.742,Дримел,Drimel,,Drimel,,,,,,,,,,,,Дрімель,Ông Mạnh
m_name.tanaya.743,Трело,Trelo,,Tрelo,,,,,,,,,,,,Пело,Ôn Đạt
m_name.tanaya.744,Лирек,Lirek,,Lirek,,,,,,,,,,,,Лірек,Ông Khoa
m_name.tanaya.745,Филер,Filer,,Filer,,,,,,,,,,,,Філур,Ôn Phúc
m_name.tanaya.746,Грелен,Grelen,,Grelен,,,,,,,,,,,,Ґреле,Ông Luân
m_name.tanaya.747,Лирас,Liras,,Liras,,,,,,,,,,,,Лірас,Ôn Quyên
m_name.tanaya.748,Гелоник,Gelonik,,Gelonik,,,,,,,,,,,,Гелон,Ông Thịnh
m_name.tanaya.749,Дретос,Dretos,,Dretos,,,,,,,,,,,,Дретос,Ôn Tài
m_name.tanaya.750,Пелонис,Pelonis,,Pelonis,,,,,,,,,,,,Пелоніс,Ông Quyết
m_name.tanaya.751,Тралос,Tralos,,Tralos,,,,,,,,,,,,Тралос,Ôn Sơn
m_name.tanaya.752,Келон,Kelon,,Kelon,,,,,,,,,,,,Келон,Ông An
m_name.tanaya.753,Аримос,Arimos,,Arimos,,,,,,,,,,,,Арімос,Ôn Thái
m_name.tanaya.754,Гелоран,Geloran,,Geloran,,,,,,,,,,,,Ґелоран,Phúc Minh
m_name.tanaya.755,Триман,Triman,,Triman,,,,,,,,,,,,Тріман,Phát Dũng
m_name.tanaya.756,Палорис,Paloris,,Paloris,,,,,,,,,,,,Палоріс,Phong An
m_name.tanaya.757,Деленис,Delenis,,Delenis,,,,,,,,,,,,Деленіс,Phát Hoàng
m_name.tanaya.758,Лиронд,Lirond,,Lirond,,,,,,,,,,,,Ліронд,Phúc Đạt
m_name.tanaya.759,Грелан,Grelan,,Grelan,,,,,,,,,,,,Ґрелан,Phong Tài
m_name.tanaya.760,Тилорик,Tilorik,,Tilorik,,,,,,,,,,,,Тілорік,Phát Quyết
m_name.tanaya.761,Феринос,Ferinos,,Ferinos,,,,,,,,,,,,Ферінс,Phúc Sơn
m_name.tanaya.762,Дриморан,Drimoran,,Drimoran,,,,,,,,,,,,Дріморен,Phong Luân
m_name.tanaya.763,Галерин,Galerin,,Galerin,,,,,,,,,,,,Ґелерін,Phát Quyên
m_name.tanaya.764,Терило,Terilo,,Terilo,,,,,,,,,,,,Теріл,Phúc Tâm
m_name.tanaya.765,Пеларис,Pelaris,,Pelaris,,,,,,,,,,,,Пеларіс,Phong Đăng
m_name.tanaya.766,Гримелис,Grimelis,,Grimelis,,,,,,,,,,,,Ґрімеліс,Phát Hòa
m_name.tanaya.767,Дретон,Dreton,,Dretоn,,,,,,,,,,,,Дретон,Phúc Vinh
m_name.tanaya.768,Лиреник,Lirenik,,Lirenik,,,,,,,,,,,,Ліренік,Phong Tiến
m_name.tanaya.769,Галоранд,Galorand,,Galorand,,,,,,,,,,,,Ґалоранд,Phát Hưng
m_name.tanaya.770,Терелон,Terelon,,Terelon,,,,,,,,,,,,Терелон,Phúc Tài
m_name.tanaya.771,Дреликос,Drelikos,,Drelikos,,,,,,,,,,,,Дрелікс,Phong Quyết
m_name.tanaya.772,Филоранд,Filorand,,Filоrand,,,,,,,,,,,,Філоранд,Phát Đăng
m_name.tanaya.773,Греленд,Grelynd,,Grelynd,,,,,,,,,,,,Ґрелінд,Phúc Thịnh
m_name.tanaya.774,Трален,Tralen,,Tralen,,,,,,,,,,,,Трален,Phong Khoa
m_name.tanaya.775,Дримелор,Drimelor,,Drimelor,,,,,,,,,,,,Дрімелор,Phát Tùng
m_name.tanaya.776,Гралос,Gralos,,Gralos,,,,,,,,,,,,Ґралос,Phúc Đạt
m_name.tanaya.777,Теринд,Terind,,Terind,,,,,,,,,,,,Терінд,Phong Quyên
m_name.tanaya.778,Лирелос,Lirelos,,Lirelos,,,,,,,,,,,,Лірелос,Phát An
m_name.tanaya.779,Пелоран,Peloran,,Peloran,,,,,,,,,,,,Пелоран,Phúc Hoàng
m_name.tanaya.780,Грименд,Grimend,,Grimend,,,,,,,,,,,,Ґріменд,Phong Thái
m_name.tanaya.781,Дрилорис,Driloris,,Driloris,,,,,,,,,,,,Дрілор,Phát Bảo
m_name.tanaya.782,Траленд,Tralynd,,Tralynd,,,,,,,,,,,,Тралін,Phúc Luân
m_name.tanaya.783,Грелорик,Grelyrik,,Grelyrik,,,,,,,,,,,,Ґрелірік,Phong Mạnh
m_name.tanaya.784,Дретосис,Dretosis,,Dretosis,,,,,,,,,,,,Дретосис,Phát Vinh
m_name.tanaya.785,Леримон,Lerimon,,Lerimon,,,,,,,,,,,,Лерімон,Phúc Quyết
m_name.tanaya.786,Тримеланд,Trimeland,,Trimeland,,,,,,,,,,,,Трімлан,Phong Sơn
m_name.tanaya.787,Гелорос,Geloros,,Gelоros,,,,,,,,,,,,Ґелорос,Phát Quyên
m_name.tanaya.788,Дрален,Dralen,,Dralen,,,,,,,,,,,,Дрален,Phúc Tiến
m_name.tanaya.789,Терилос,Terilos,,Terilos,,,,,,,,,,,,Терілос,Phong Đăng
m_name.tanaya.790,Гримелон,Grimelon,,Grimelon,,,,,,,,,,,,Ґрімельн,Phát Hòa
m_name.tanaya.791,Дретонис,Dretonis,,Dretоnis,,,,,,,,,,,,Дретоніс,Phúc Trí
m_name.tanaya.792,Лиреланд,Lireland,,Lireland,,,,,,,,,,,,Лірланд,Phong Tài
m_name.tanaya.793,Греленос,Grelynos,,Grelynos,,,,,,,,,,,,Ґрелін,Phát Mạnh
m_name.tanaya.794,Триморис,Trimoris,,Trimoris,,,,,,,,,,,,Тріморіс,Phúc Quyên
m_name.tanaya.795,Дримелис,Drimelis,,Drimelis,,,,,,,,,,,,Дрімеліс,Phong An
m_name.tanaya.796,Граленд,Gralend,,Gralend,,,,,,,,,,,,Ґраленд,Phát Đạt
m_name.tanaya.797,Палендор,Palendor,,Palendor,,,,,,,,,,,,Плендор,Phúc Thịnh
m_name.tanaya.798,Гримон,Grimon,,Grimon,,,,,,,,,,,,Ґрімон,Phong Khoa
m_name.tanaya.799,Тералон,Teralon,,Teralon,,,,,,,,,,,,Тералон,Phát Quyết
m_name.tanaya.800,Дрикос,Drikos,,Drikos,,,,,,,,,,,,Дрікос,Phúc Vinh
m_name.tanaya.801,Лиримос,Lirimos,,Lirimos,,,,,,,,,,,,Лірімос,Phong Quyên
m_name.tanaya.802,Гелорис,Geloris,,Geloris,,,,,,,,,,,,Ґелоріс,Phát Tiến
m_name.tanaya.803,Траленди,Tralyndi,,Tralyndi,,,,,,,,,,,,Тралінді,Phúc Hòa
m_name.tanaya.804,Палорон,Paloron,,Paloron,,,,,,,,,,,,Палорон,Phong Tùng
m_name.tanaya.805,Дретик,Dretik,,Dretik,,,,,,,,,,,,Дретік,Phát Đăng
m_name.tanaya.806,Галенди,Galyndi,,Galyndi,,,,,,,,,,,,Ґалінді,Phúc Quyên
m_name.tanaya.807,Трименос,Trimenos,,Trimenos,,,,,,,,,,,,Тріменос,Phong Hưng
m_name.tanaya.808,Лероник,Leronik,,Leronik,,,,,,,,,,,,Леронік,Phát Sơn
m_name.tanaya.809,Грелисос,Grelysis,,Grelysis,,,,,,,,,,,,Греліс,Phúc Tài
m_name.tanaya.810,Дралор,Dralor,,Dralor,,,,,,,,,,,,Дралор,Phong Đạt
m_name.tanaya.811,Теринос,Terinos,,Terinos,,,,,,,,,,,,Терінос,Phát Luân
m_name.tanaya.812,Грималос,Grimalos,,Grimalos,,,,,,,,,,,,Ґрімалос,Phúc Thịnh
m_name.tanaya.813,Лирелис,Lirelis,,Lirelis,,,,,,,,,,,,Ліреліс,Phong Quyết
m_name.tanaya.814,Траленос,Tralynos,,Tralynos,,,,,,,,,,,,Тралінос,Quân Minh
m_name.tanaya.815,Дреторис,Dretoris,,Dretoris,,,,,,,,,,,,Драторіс,Quý An
m_name.tanaya.816,Галеронд,Galerond,,Galerond,,,,,,,,,,,,Ґелеронд,Quang Đạt
m_name.tanaya.817,Паленис,Palenys,,Palenys,,,,,,,,,,,,Паленіс,Quân Sơn
m_name.tanaya.818,Гриморос,Grimoros,,Grimoros,,,,,,,,,,,,Ґріморос,Quý Vinh
m_name.tanaya.819,Лерилос,Lerilos,,Lerilos,,,,,,,,,,,,Лерілс,Quang Tiến
m_name.tanaya.820,Дримонд,Drimond,,Drimond,,,,,,,,,,,,Дрімонд,Quân Quyết
m_name.tanaya.821,Тралорик,Tralorik,,Tralorik,,,,,,,,,,,,Тралорік,Quý Hòa
m_name.tanaya.822,Греленди,Grelyndy,,Grelyndy,,,,,,,,,,,,Ґрелінді,Quang Tài
m_name.tanaya.823,Лиримен,Lirimen,,Lirimen,,,,,,,,,,,,Лірімен,Quân Luân
m_name.tanaya.824,Дреторос,Dretoros,,Dretoros,,,,,,,,,,,,Дреторс,Quý Đăng
m_name.tanaya.825,Галендос,Galyndos,,Galyndos,,,,,,,,,,,,Ґаліндос,Quang Hưng
m_name.tanaya.826,Тримелик,Trimelik,,Trimelik,,,,,,,,,,,,Трімелік,Quân Thịnh
m_name.tanaya.827,Палоренд,Palorynd,,Palorynd,,,,,,,,,,,,Палорін,Quý Quyết
m_name.tanaya.828,Гримелос,Grimelos,,Grimelos,,,,,,,,,,,,Ґрімелос,Quang Quyên
m_name.tanaya.829,Лерилон,Lerilon,,Lerilon,,,,,,,,,,,,Лерілон,Quân Mạnh
m_name.tanaya.830,Дрименос,Drimynos,,Drimynos,,,,,,,,,,,,Дрімінос,Quý Sơn
m_name.tanaya.831,Тралерис,Tralyris,,Tralyris,,,,,,,,,,,,Траліріс,Quang Tùng
m_name.tanaya.832,Грелоранд,Grelyrand,,Grelyrand,,,,,,,,,,,,Греліренд,Quân Phúc
m_name.tanaya.833,Лирелонд,Lirelond,,Lirelond,,,,,,,,,,,,Лірелонд,Quý An
m_name.tanaya.834,Дретилис,Dretylys,,Dretylys,,,,,,,,,,,,Дретіліс,Quang Đạt
m_name.tanaya.835,Галоренд,Galorynd,,Galorynd,,,,,,,,,,,,Ґалорінд,Quân Hòa
m_name.tanaya.836,Тримелис,Trimelys,,Trimelys,,,,,,,,,,,,Трімеліс,Quý Luân
m_name.voruns.837,Володомир,Volodomir,,Volodomir,,,,,,,,,,,,Влодомир,Quang Quyên
m_name.voruns.838,Славород,Slavorod,,Slavorod,,,,,,,,,,,,Славород,Quân Tài
m_name.voruns.839,Велегор,Velegor,,Velegor,,,,,,,,,,,,Велегор,Quý Đăng
m_name.voruns.840,Боримил,Borimil,,Borimil,,,,,,,,,,,,Бориміл,Quang Thái
m_name.voruns.841,Лутомысл,Lutomysl,,Lutomysl,,,,,,,,,,,,Лутомисл,Quân Tiến
m_name.voruns.842,Златомир,Zlatomir,,Zlatomir,,,,,,,,,,,,Златомир,Quý Quyết
m_name.voruns.843,Честислав,Chestislav,,Chestislav,,,,,,,,,,,,Честислав,Quang Hòa
m_name.voruns.844,Дружислав,Druzhislav,,Druzhislav,,,,,,,,,,,,Дружислав,Quân Luân
m_name.voruns.845,Степомыл,Stepomyl,,Stepomyl,,,,,,,,,,,,Степомил,Quý Sơn
m_name.voruns.846,Живогаст,Zhivogast,,Zhivogast,,,,,,,,,,,,Живогаст,Quang Mạnh
m_name.voruns.847,Перебор,Perebor,,Perebor,,,,,,,,,,,,Древобор,Quân Quyên
m_name.voruns.848,Богомил,Bogomil,,Bogomil,,,,,,,,,,,,Богомил,Quý Tài
m_name.voruns.849,Володарь,Volodar,,Volodar,,,,,,,,,,,,Володар,Quang Tiến
m_name.voruns.850,Стражислав,Strazhislav,,Strazhislav,,,,,,,,,,,,Стражислав,Quân Đăng
m_name.voruns.851,Радомир,Radomir,,Radomir,,,,,,,,,,,,Радомир,Quý Tùng
m_name.voruns.852,Лютобор,Lyutobor,,Lyutobor,,,,,,,,,,,,Лютобор,Quang Thịnh
m_name.voruns.853,Святослав,Svyatoslav,,Svyatoslav,,,,,,,,,,,,Святослав,Quân Hưng
m_name.voruns.854,Воиномыл,Voinomyl,,Voinomyl,,,,,,,,,,,,Воїномил,Quý Quyên
m_name.voruns.855,Добромышл,Dobromyshl,,Dobromyshl,,,,,,,,,,,,Добромисл,Quang Sơn
m_name.voruns.856,Живород,Zhivorod,,Zhivorod,,,,,,,,,,,,Живород,Quân Bảo
m_name.voruns.857,Ратибор,Ratibor,,Ratibor,,,,,,,,,,,,Ратибор,Quý Vinh
m_name.voruns.858,Ладомир,Ladoslav,,Ladoslav,,,,,,,,,,,,Ладослав,Quang Đạt
m_name.voruns.859,Витомыл,Vitomyl,,Vitomyl,,,,,,,,,,,,Вітомил,Quân Thái
m_name.voruns.860,Страномир,Stranomir,,Stranomir,,,,,,,,,,,,Страномир,Quý Mạnh
m_name.voruns.861,Живоволод,Zhivovolod,,Zhivovolod,,,,,,,,,,,,Живолод,Quang Quyết
m_name.voruns.862,Перемыл,Peremyl,,Peremyl,,,,,,,,,,,,Перемил,Quân Hòa
m_name.voruns.863,Дружемир,Druzhemir,,Druzhemir,,,,,,,,,,,,Дружемир,Quý Tài
m_name.voruns.864,Волослав,Voloslav,,Voloslav,,,,,,,,,,,,Волослав,Quang Luân
m_name.voruns.865,Стражомил,Strazhomil,,Strazhomil,,,,,,,,,,,,Стражомил,Quân Tiến
m_name.voruns.866,Радибор,Radibor,,Radibor,,,,,,,,,,,,Радибор,Quý Sơn
m_name.voruns.867,Лютомир,Lyutomir,,Lyutomir,,,,,,,,,,,,Лютомир,Quang Quyên
m_name.voruns.868,Воиномир,Voinomir,,Voinomir,,,,,,,,,,,,Войномир,Quân Đăng
m_name.voruns.869,Доброслав,Dobroslav,,Dobroslav,,,,,,,,,,,,Доброслав,Quý An
m_name.voruns.870,Живовлад,Zhivovlad,,Zhivovlad,,,,,,,,,,,,Живовлад,Quang Thịnh
m_name.voruns.871,Миробор,Miromyl,,Miromyl,,,,,,,,,,,,Миромил,Quân Bảo
m_name.voruns.872,Вечерад,Vecherad,,Vecherad,,,,,,,,,,,,Вечерад,Quý Hòa
m_name.voruns.873,Лучислав,Luchislav,,Luchislav,,,,,,,,,,,,Лучислав,Quang Mạnh
m_name.voruns.874,Богослав,Bogoslav,,Bogoslav,,,,,,,,,,,,Богослав,Rồng Minh
m_name.voruns.875,Силомыр,Silomyr,,Silomyr,,,,,,,,,,,,Силомар,Rạng Đạt
m_name.voruns.876,Живосил,Zhivosil,,Zhivosil,,,,,,,,,,,,Живоспил,Rồng Sơn
m_name.voruns.877,Радовлад,Radovlad,,Radovlad,,,,,,,,,,,,Радовлад,Rạng Tiến
m_name.voruns.878,Володар,Volodar,,Volodar,,,,,,,,,,,,Валодар,Rồng Vinh
m_name.voruns.879,Живомил,Zhivomil,,Zhivomil,,,,,,,,,,,,Живомил,Rạng Quyết
m_name.voruns.880,Радослав,Radoslav,,Radoslav,,,,,,,,,,,,Радослав,Rồng Tài
m_name.voruns.881,Степаномир,Stepanomir,,Stepanomir,,,,,,,,,,,,Степаномир,Rạng Hòa
m_name.voruns.882,Веломир,Velomir,,Velomir,,,,,,,,,,,,Веломир,Rồng Luân
m_name.voruns.883,Ладослав,Ladoslav,,Ladoslav,,,,,,,,,,,,Ладослав,Rạng Quyên
m_name.voruns.884,Воломир,Volomir,,Volomir,,,,,,,,,,,,Воломир,Rồng Phúc
m_name.voruns.885,Лютосил,Lyutosil,,Lyutosil,,,,,,,,,,,,Лютосил,Rạng Mạnh
m_name.voruns.886,Радибой,Radiboy,,Radivoy,,,,,,,,,,,,Радибог,Rồng Hưng
m_name.voruns.887,Боролюб,Borolyub,,Borolyub,,,,,,,,,,,,Боролюб,Rạng Thịnh
m_name.voruns.888,Добромир,Dobromir,,Dobromir,,,,,,,,,,,,Добромир,Rồng Khoa
m_name.voruns.889,Миромыл,Miromyl,,Miromyl,,,,,,,,,,,,Миромил,Rạng An
m_name.voruns.890,Славомил,Slavomil,,Slavomil,,,,,,,,,,,,Славомил,Rồng Quyết
m_name.voruns.891,Лучезар,Luchezar,,Luchezar,,,,,,,,,,,,Лучезар,Rạng Bảo
m_name.voruns.892,Витослав,Vitoslav,,Vitoslav,,,,,,,,,,,,Вітослав,Rồng Đăng
m_name.voruns.893,Страномыл,Stranomyl,,Stranomyl,,,,,,,,,,,,Страномил,Rạng Tùng
m_name.voruns.894,Ратослав,Ratoslav,,Ratoslav,,,,,,,,,,,,Ратослав,Rồng Luân
m_name.voruns.895,Златослав,Zlatoslav,,Zlatoslav,,,,,,,,,,,,Златослав,Rạng Vinh
m_name.voruns.896,Воинослав,Voinoslav,,Voinoslav,,,,,,,,,,,,Войнослав,Rồng Quyên
m_name.voruns.897,Владеслав,Vladeslav,,Vladeslav,,,,,,,,,,,,Владеслав,Rạng Sơn
m_name.voruns.898,Лютовлад,Lyutovlad,,Lyutovlad,,,,,,,,,,,,Лютовлад,Rồng Tiến
m_name.voruns.899,Дружеслав,Druzeslav,,Druzeslav,,,,,,,,,,,,Дружеслав,Rạng Hòa
m_name.voruns.900,Светомир,Svetomir,,Svetomir,,,,,,,,,,,,Світомир,Rồng Quyết
m_name.voruns.901,Радомил,Radomil,,Radomil,,,,,,,,,,,,Радомил,Rạng Phúc
m_name.voruns.902,Вечемир,Vechemir,,Vechemir,,,,,,,,,,,,Вечемир,Rồng Thịnh
m_name.voruns.903,Лутосил,Lutosil,,Lutosil,,,,,,,,,,,,Латосил,Rạng Luân
m_name.voruns.904,Боромир,Boromir,,Boromir,,,,,,,,,,,,Боромир,Rồng Quyên
m_name.voruns.905,Степанослав,Stepanoslav,,Stepanoslav,,,,,,,,,,,,Степанослав,Rạng Tài
m_name.voruns.906,Ладомыл,Ladoslav,,Ladoslav,,,,,,,,,,,,Ладослав,Rồng Hưng
m_name.voruns.907,Володеслав,Volomil,,Volomil,,,,,,,,,,,,Войломил,Rạng Đăng
m_name.voruns.908,Дружомир,Druzhomir,,Druzhomir,,,,,,,,,,,,Дружомир,Rồng Quyết
m_name.voruns.909,Силовлад,Silovlad,,Silovlad,,,,,,,,,,,,Силовлад,Rạng Bảo
m_name.voruns.910,Живорад,Zhivorad,,Zhivorad,,,,,,,,,,,,Живорад,Rồng Tùng
m_name.voruns.911,Переслав,Pereslav,,Pereslav,,,,,,,,,,,,Переслав,Rạng Quyên
m_name.voruns.912,Светосил,Svetosil,,Svetosil,,,,,,,,,,,,Світосил,Rồng Vinh
m_name.voruns.913,Вечебор,Vechebor,,Vechebor,,,,,,,,,,,,Вечобор,Rạng Tiến
m_name.voruns.914,Лучемир,Luchemir,,Luchemir,,,,,,,,,,,,Лучемир,Rồng Hòa
m_name.voruns.915,Витомир,Vitomir,,Vitomir,,,,,,,,,,,,Вітомир,Rạng Luân
m_name.voruns.916,Странослав,Stranoslav,,Stranoslav,,,,,,,,,,,,Странослав,Rồng Phúc
m_name.voruns.917,Лютебор,Lyutebor,,Lyutebor,,,,,,,,,,,,Лютебор,Rạng Đạt
m_name.voruns.918,Ратомир,Ratomir,,Ratomir,,,,,,,,,,,,Ратомир,Rồng Mạnh
m_name.voruns.919,Зорослав,Zoroslav,,Zoroslav,,,,,,,,,,,,Зорослав,Rạng Thịnh
m_name.voruns.920,Воиномыл,Voinomyl,,Voinomyl,,,,,,,,,,,,Войномил,Rồng Quyết
m_name.voruns.921,Добребор,Dobrebor,,Dobrebor,,,,,,,,,,,,Добробор,Rạng Hưng
m_name.voruns.922,Живослав,Zhivoslav,,Zhivoslav,,,,,,,,,,,,Живослав,Rồng Sơn
m_name.voruns.923,Миробой,Miromir,,Miromir,,,,,,,,,,,,Миромир,Rạng Quyên
m_name.voruns.924,Славомир,Slavomir,,Slavomir,,,,,,,,,,,,Славомир,Rồng Tài
m_name.voruns.925,Лучевлад,Luchevlad,,Luchevlad,,,,,,,,,,,,Лучевлад,Rạng Phúc
m_name.voruns.926,Витебор,Vitebor,,Vitebor,,,,,,,,,,,,Вітебор,Rồng Quyết
m_name.voruns.927,Стражослав,Strazhoslav,,Strazhoslav,,,,,,,,,,,,Стражослав,Rạng Đăng
m_name.voruns.928,Радовой,Radovoy,,Radovoy,,,,,,,,,,,,Радовой,Rồng Tiến
m_name.voruns.929,Златомил,Zlatomil,,Zlatomil,,,,,,,,,,,,Златомил,Rạng Luân
m_name.voruns.930,Вечесил,Vechebor,,Vechebor,,,,,,,,,,,,Вечебор,Rồng Hòa
m_name.voruns.931,Лутовлад,Lutovlad,,Lutovlad,,,,,,,,,,,,Латовлад,Rạng Bảo
m_name.voruns.932,Борослав,Boroslav,,Boroslav,,,,,,,,,,,,Борослав,Rồng Quyên
m_name.voruns.933,Степанебор,Stepanebo,,Stepanebo,,,,,,,,,,,,Степанед,Rạng Thịnh
m_name.voruns.934,Ладеслав,Ladevlad,,Ladevlad,,,,,,,,,,,,Ладовлад,Sơn Minh
m_name.voruns.935,Волебор,Volebor,,Volebor,,,,,,,,,,,,Волебор,Sáng Đạt
m_name.voruns.936,Дружевлад,Druzhevlad,,Druzhevlad,,,,,,,,,,,,Дружевлад,Sơn Quyết
m_name.voruns.937,Силомир,Silomir,,Silomir,,,,,,,,,,,,Силомир,Sáng Vinh
m_name.voruns.938,Живобор,Zhivobor,,Zhivobor,,,,,,,,,,,,Живобор,Sơn Tiến
m_name.voruns.939,Перемир,Peremir,,Peremir,,,,,,,,,,,,Перемир,Sáng Quyên
m_name.voruns.940,Световлад,Svetovlad,,Svetovlad,,,,,,,,,,,,Світовлад,Sơn Hòa
m_name.voruns.941,Вечевой,Vechevoy,,Vechevoy,,,,,,,,,,,,Вечевой,Sáng Tài
m_name.voruns.942,Лучебор,Luchebor,,Luchebor,,,,,,,,,,,,Лучебор,Sơn Luân
m_name.voruns.943,Витевлад,Vitevlad,,Vitevlad,,,,,,,,,,,,Вітевлад,Sáng Thịnh
m_name.voruns.944,Странебор,Stranebor,,Stranebor,,,,,,,,,,,,Странебор,Sơn Phúc
m_name.voruns.945,Лютемир,Lyutemir,,Lyutemir,,,,,,,,,,,,Лютемир,Sáng Hưng
m_name.voruns.946,Ратеслав,Rateslav,,Rateslav,,,,,,,,,,,,Ратислав,Sơn Quyên
m_name.voruns.947,Зоребор,Zorebor,,Zorebor,,,,,,,,,,,,Зоребор,Sáng Khoa
m_name.voruns.948,Воинебор,Voinobor,,Voinobor,,,,,,,,,,,,Войнобор,Sơn Tùng
m_name.voruns.949,Добремир,Dobrebor,,Dobrebor,,,,,,,,,,,,Добребор,Sáng An
m_name.voruns.950,Живевлад,Zhivevlad,,Zhivevlad,,,,,,,,,,,,Живевлад,Sơn Đăng
m_name.voruns.951,Миромир,Miromir,,Miromir,,,,,,,,,,,,Миромир,Sáng Bảo
m_name.voruns.952,Славобой,Slavoboy,,Slavovoy,,,,,,,,,,,,Славобор,Sơn Quyết
m_name.voruns.953,Лучевой,Luchevoy,,Luchevoy,,,,,,,,,,,,Лучевар,Sáng Mạnh
m_name.voruns.954,Витосил,Vitosil,,Vitosil,,,,,,,,,,,,Вітасил,Sơn Tài
m_name.voruns.955,Стражебор,Strazhebor,,Strazhebor,,,,,,,,,,,,Стражебор,Sáng Tiến
m_name.voruns.956,Радобой,Radoboy,,Radovoy,,,,,,,,,,,,Радобор,Sơn Quyên
m_name.voruns.957,Златосил,Zlatosil,,Zlatosil,,,,,,,,,,,,Златосил,Sáng Hòa
m_name.voruns.958,Вечевлад,Vechevlad,,Vechevlad,,,,,,,,,,,,Вечевлад,Sơn Luân
m_name.voruns.959,Лутобой,Lutoboy,,Lutovoy,,,,,,,,,,,,Лютобар,Sáng Quyết
m_name.voruns.960,Боромыл,Boromyl,,Boromyl,,,,,,,,,,,,Боромал,Sơn Thịnh
m_name.voruns.961,Степаномил,Stepanomil,,Stepanomil,,,,,,,,,,,,Степаномил,Sáng Phúc
m_name.voruns.962,Ладевлад,Ladevlad,,Ladevlad,,,,,,,,,,,,Ладовлад,Sơn Khoa
m_name.voruns.963,Воломил,Volomil,,Volomil,,,,,,,,,,,,Воломил,Sáng Tùng
m_name.voruns.964,Друже,Druzhe,,Druzhe,,,,,,,,,,,,Друж,Sơn Quyên
m_name.voruns.965,Велодар,Velodar,,Velodar,,,,,,,,,,,,Велодар,Sáng Hưng
m_name.voruns.966,Лутовой,Lutovoy,,Lutovoy,,,,,,,,,,,,Латовой,Sơn Mạnh
m_name.voruns.967,Зоросил,Zorosil,,Zorosil,,,,,,,,,,,,Зоросил,Sáng Đạt
m_name.voruns.968,Боромил,Boromil,,Boromil,,,,,,,,,,,,Боромил,Sơn Quyết
m_name.voruns.969,Радилют,Radilyut,,Radilyut,,,,,,,,,,,,Радилют,Sáng An
m_name.voruns.970,Виторад,Vitorad,,Vitorad,,,,,,,,,,,,Віторад,Sơn Bảo
m_name.voruns.971,Страновой,Stranovoy,,Stranovoy,,,,,,,,,,,,Страновод,Sáng Tiến
m_name.voruns.972,Живовой,Zhivovoy,,Zhivovoy,,,,,,,,,,,,Живовод,Sơn Luân
m_name.voruns.973,Перелюб,Perelyub,,Perelyub,,,,,,,,,,,,Перелюб,Sáng Quyên
m_name.voruns.974,Дружовлад,Druzhovlad,,Druzhovlad,,,,,,,,,,,,Дружовлад,Sơn Hòa
m_name.voruns.975,Стражосил,Strazhosil,,Strazhosil,,,,,,,,,,,,Стражосил,Sáng Tài
m_name.voruns.976,Радовер,Radover,,Radover,,,,,,,,,,,,Радовір,Sơn Quyết
m_name.voruns.977,Лютовой,Lyutovoy,,Lyutovoy,,,,,,,,,,,,Лютовой,Sáng Phúc
m_name.voruns.978,Воинодар,Voinodar,,Voinodar,,,,,,,,,,,,Войнодар,Sơn Thịnh
m_name.voruns.979,Добровер,Dobrover,,Dobrover,,,,,,,,,,,,Добровір,Sáng Quyên
m_name.voruns.980,Живосвет,Zhivosvet,,Zhivosvet,,,,,,,,,,,,Живосвет,Sơn Khoa
m_name.voruns.981,Миродар,Miroduar,,Miroduar,,,,,,,,,,,,Миродар,Sáng Tùng
m_name.voruns.982,Славовер,Slavover,,Slavover,,,,,,,,,,,,Славовір,Sơn Đăng
m_name.voruns.983,Лучерад,Lucherad,,Lucherad,,,,,,,,,,,,Лучерад,Sáng Hòa
m_name.voruns.984,Витодар,Vitodar,,Vitodar,,,,,,,,,,,,Вітодар,Sơn Mạnh
m_name.voruns.985,Странолюб,Stranolub,,Stranolub,,,,,,,,,,,,Странолюб,Sáng Quyết
m_name.voruns.986,Ратодар,Ratodar,,Ratodar,,,,,,,,,,,,Ратодар,Sơn Luân
m_name.voruns.987,Златовой,Zlatovoy,,Zlatovoy,,,,,,,,,,,,Златовой,Sáng An
m_name.voruns.988,Воинолюб,Voinolub,,Voinolub,,,,,,,,,,,,Войнолюб,Sơn Quyên
m_name.voruns.989,Владозуб,Vladozub,,Vladozub,,,,,,,,,,,,Владозуб,Sáng Đạt
m_name.voruns.990,Лютосвет,Lyutosvet,,Lyutosvet,,,,,,,,,,,,Лютосвіт,Sơn Tiến
m_name.voruns.991,Дружосвет,Druzho,,Druzho,,,,,,,,,,,,Дружо,Sáng Thịnh
m_name.voruns.992,Светодар,Svetodar,,Svetodar,,,,,,,,,,,,Світодар,Sơn Phúc
m_name.voruns.993,Радолюб,Radolyub,,Radolyub,,,,,,,,,,,,Радолюб,Sáng Tài
m_name.voruns.994,Вечерад,Vechevad,,Vechevad,,,,,,,,,,,,Вечевад,Tài Minh
m_name.voruns.995,Лутосвет,Lutosvet,,Lutosvet,,,,,,,,,,,,Латосвіт,Thắng An
m_name.voruns.996,Бородар,Borodar,,Borodar,,,,,,,,,,,,Бородар,Tài Đạt
m_name.voruns.997,Степановер,Stepanover,,Stepanover,,,,,,,,,,,,Степановір,Thắng Quyết
m_name.voruns.998,Ладосил,Ladosil,,Ladosil,,,,,,,,,,,,Ладосил,Tài Vinh
m_name.voruns.999,Вололюб,Vololyub,,Vololyub,,,,,,,,,,,,Вололюб,Thắng Sơn
m_name.voruns.1000,Дружовой,Druzhovoy,,Druzhovoy,,,,,,,,,,,,Дружовой,Tài Tiến
m_name.voruns.1001,Силовер,Silover,,Silover,,,,,,,,,,,,Силовір,Thắng Hòa
m_name.voruns.1002,Живодар,Zhivodar,,Zhivodar,,,,,,,,,,,,Живодар,Tài Quyên
m_name.voruns.1003,Перевер,Perever,,Perever,,,,,,,,,,,,Перевер,Thắng Luân
m_name.voruns.1004,Световой,Svetovoy,,Svetovoy,,,,,,,,,,,,Світовой,Tài Phúc
m_name.voruns.1005,Вечевер,Vechever,,Vechever,,,,,,,,,,,,Вечевір,Thắng Tài
m_name.voruns.1006,Лучодар,Luchodar,,Luchodar,,,,,,,,,,,,Лучедар,Tài Mạnh
m_name.voruns.1007,Витовер,Vitover,,Vitover,,,,,,,,,,,,Вітовір,Thắng Quyết
m_name.voruns.1008,Странодар,Stranodar,,Stranodar,,,,,,,,,,,,Странодар,Tài Khoa
m_name.voruns.1009,Лютерад,Lyuterad,,Lyuterad,,,,,,,,,,,,Лютерад,Thắng Hưng
m_name.voruns.1010,Ратовер,Ratover,,Ratover,,,,,,,,,,,,Ратовір,Tài Tùng
m_name.voruns.1011,Зородар,Zorodar,,Zorodar,,,,,,,,,,,,Зородар,Thắng Đăng
m_name.voruns.1012,Воиновер,Voinover,,Voinover,,,,,,,,,,,,Войновір,Tài Quyên
m_name.voruns.1013,Добродар,Dobrodar,,Dobrodar,,,,,,,,,,,,Добродар,Thắng An
m_name.voruns.1014,Живовер,Zhivover,,Zhivover,,,,,,,,,,,,Живовір,Tài Hòa
m_name.voruns.1015,Миролюб,Mirolub,,Mirolub,,,,,,,,,,,,Миролюб,Thắng Phúc
m_name.voruns.1016,Славолюб,Slavolub,,Slavolub,,,,,,,,,,,,Славолюб,Tài Luân
m_name.voruns.1017,Лучевер,Luchever,,Luchever,,,,,,,,,,,,Лучевір,Thắng Mạnh
m_name.voruns.1018,Витолюб,Vitolyub,,Vitolyub,,,,,,,,,,,,Вітолюб,Tài Quyết
m_name.voruns.1019,Стражодар,Strazhodar,,Strazhodar,,,,,,,,,,,,Стражодар,Thắng Sơn
m_name.voruns.1020,Радовер,Radover,,Radover,,,,,,,,,,,,Радовір,Tài Tiến
m_name.voruns.1021,Златолюб,Zlatolub,,Zlatolub,,,,,,,,,,,,Златолюб,Thắng Quyên
m_name.voruns.1022,Вечолюб,Vecholyub,,Vecholyub,,,,,,,,,,,,Вечолюб,Tài Hưng
m_name.voruns.1023,Лутодар,Lutodar,,Lutodar,,,,,,,,,,,,Латодар,Thắng Khoa
m_name.voruns.1024,Боросвет,Borodver,,Borodver,,,,,,,,,,,,Бородвор,Tài Tùng
m_name.voruns.1025,Степанодар,Stepanosve,,Stepanosve,,,,,,,,,,,,Степаносвіт,Thắng Đăng
m_name.voruns.1026,Ладовер,Ladosvet,,Ladosvet,,,,,,,,,,,,Ладосвіт,Tài Quyên
m_name.voruns.1027,Володар,Volosvet,,Volosvet,,,,,,,,,,,,Волосвіт,Thắng An
m_name.voruns.1028,Дружолюб,Druzhosil,,Druzhosil,,,,,,,,,,,,Дружесил,Tài Mạnh
m_name.voruns.1029,Силодар,Silolyub,,Silolyub,,,,,,,,,,,,Силолюб,Thắng Phúc
m_name.voruns.1030,Живолюб,Zhivosvet,,Zhivosvet,,,,,,,,,,,,Живосвіт,Tài Luân
m_name.voruns.1031,Перодар,Perosvet,,Perosvet,,,,,,,,,,,,Первосвіт,Thắng Tài
m_name.voruns.1032,Светолюб,Svetosvet,,Svetosvet,,,,,,,,,,,,Світосвіт,Tài Quyết
m_name.voruns.1033,Вечодар,Vecheosil,,Vecheosil,,,,,,,,,,,,Вечесил,Thắng Hòa
m_name.voruns.1034,Лучолюб,Luchosil,,Luchosil,,,,,,,,,,,,Лучесил,Tài Sơn
m_name.voruns.1035,Витосвет,Vitodvor,,Vitodvor,,,,,,,,,,,,Вітодвір,Thắng Quyên
m_name.voruns.1036,Страносвет,Stranosil,,Stranosil,,,,,,,,,,,,Страносил,Tài Đạt
m_name.voruns.1037,Лютодар,Lyutodar,,Lyutodar,,,,,,,,,,,,Лютодар,Thắng Tiến
m_name.voruns.1038,Ратолюб,Ratolyub,,Ratolyub,,,,,,,,,,,,Ратолюб,Tài Khoa
m_name.voruns.1039,Зоролюб,Zorolyub,,Zorolyub,,,,,,,,,,,,Зоролюб,Thắng Mạnh
m_name.voruns.1040,Воиносвет,Voinosvet,,Voinosvet,,,,,,,,,,,,Войносвіт,Tài Quyên
m_name.voruns.1041,Добросвет,Dobrosvet,,Dobrosvet,,,,,,,,,,,,Добросвіт,Thắng Luân
m_name.voruns.1042,Живосил,Zhivosil,,Zhivosil,,,,,,,,,,,,Живосил,Tài Tùng
m_name.voruns.1043,Миросвет,Mirosvet,,Mirosvet,,,,,,,,,,,,Миросвіт,Thắng Đăng
m_name.voruns.1044,Славосил,Slavosil,,Slavosil,,,,,,,,,,,,Славосил,Tài Quyết
m_name.voruns.1045,Лучосвет,Luchosvet,,Luchosvet,,,,,,,,,,,,Лучесвіт,Thắng Hòa
m_name.voruns.1046,Витосил,Vitosil,,Vitosil,,,,,,,,,,,,Вітосил,Tài Mạnh
m_name.voruns.1047,Стражолюб,Strazholyub,,Strazholyub,,,,,,,,,,,,Стражелюб,Thắng Tiến
m_name.voruns.1048,Радосил,Radosil,,Radosil,,,,,,,,,,,,Радосил,Tài Sơn
m_name.voruns.1049,Златосвет,Zlatosvet,,Zlatosvet,,,,,,,,,,,,Златосвіт,Thắng Quyên
m_name.voruns.1050,Вечосвет,Vechosvet,,Vechosvet,,,,,,,,,,,,Вечосвіт,Tài Luân
m_name.voruns.1051,Лутолюб,Lutolyub,,Lutolyub,,,,,,,,,,,,Лютолюб,Thắng Đăng
m_name.voruns.1052,Бородвер,Borodver,,Borodver,,,,,,,,,,,,Бородвір,Tài Quyết
m_name.voruns.1053,Степаносвет,Stepanosvet,,Stepanosvet,,,,,,,,,,,,Степаносвіт,Thắng Hưng
m_name.voruns.1054,Ладосвет,Ladosvet,,Ladosvet,,,,,,,,,,,,Ладосвіт,Uông Đạt
m_name.voruns.1055,Волосвет,Volosvet,,Volosvet,,,,,,,,,,,,Войлосвіт,Uông Tiến
m_name.voruns.1056,Дружосил,Druzhosil,,Druzhosil,,,,,,,,,,,,Дружосил,Uông Hòa
m_name.voruns.1057,Силолюб,Silolyub,,Silolyub,,,,,,,,,,,,Силолюб,Uông Vinh
m_name.voruns.1058,Живосвет,Zhivosvet,,Zhivosvet,,,,,,,,,,,,Живосвят,Uông Quyết
m_name.voruns.1059,Перосвет,Perosvet,,Perosvet,,,,,,,,,,,,Первосвіт,Uông Tài
m_name.voruns.1060,Светосвет,Svetosvet,,Svetosvet,,,,,,,,,,,,Світосвіт,Uông Quyên
m_name.voruns.1061,Вечосил,Vecheosil,,Vecheosil,,,,,,,,,,,,Вечосил,Uông Hưng
m_name.voruns.1062,Лучосил,Luchosil,,Luchosil,,,,,,,,,,,,Лучесил,Uông Đăng
m_name.voruns.1063,Витодвор,Vitodvor,,Vitodvor,,,,,,,,,,,,Вітадвір,Uông Sơn
m_name.voruns.1064,Страносил,Stranosil,,Stranosil,,,,,,,,,,,,Страносил,Uông Mạnh
m_name.makha.1065,Амонраш,Amonrash,,Amonrash,,,,,,,,,,,,Амонраш,Uông Khoa
m_name.makha.1066,Нефертон,Neferton,,Neferton,,,,,,,,,,,,Нефертон,Uông Quyết
m_name.makha.1067,Осиримир,Osirimir,,Osirimir,,,,,,,,,,,,Озірмір,Uông Phúc
m_name.makha.1068,Рахотеп,Rahotep,,Rahotep,,,,,,,,,,,,Рахотеп,Uông Thịnh
m_name.makha.1069,Сенусерт,Senusert,,Senusert,,,,,,,,,,,,Сенусерт,Uông Luân
m_name.makha.1070,Тутмосил,Tutmosil,,Tutmosil,,,,,,,,,,,,Тутмосіл,Uông Tiến
m_name.makha.1071,Хепусет,Hepuset,,Hepuset,,,,,,,,,,,,Хепусет,Uông Quyên
m_name.makha.1072,Меренфер,Merenfer,,Merenfer,,,,,,,,,,,,Меренфер,Uông Hòa
m_name.makha.1073,Птахосир,Ptahosir,,Ptahosir,,,,,,,,,,,,Птахозір,Uông Đạt
m_name.makha.1074,Атенамон,Atenamon,,Atenamon,,,,,,,,,,,,Атенамон,Uông Mạnh
m_name.makha.1075,Небрахор,Nebrakhor,,Nebrakhor,,,,,,,,,,,,Небрахор,Uông Thịnh
m_name.makha.1076,Сетираф,Setiraf,,Setiraf,,,,,,,,,,,,Сетіраф,Uông Quyết
m_name.makha.1077,Осиртут,Osirtut,,Osirtut,,,,,,,,,,,,Озіртут,Uông Tài
m_name.makha.1078,Рамсет,Ramset,,Ramset,,,,,,,,,,,,Рамсет,Uông Luân
m_name.makha.1079,Хорнубис,Khornubis,,Khornubis,,,,,,,,,,,,Хорнубіс,Uông Đăng
m_name.makha.1080,Аменхот,Amenkhot,,Amenkhot,,,,,,,,,,,,Аменхот,Uông Phúc
m_name.makha.1081,Маатсети,Maatseti,,Maatseti,,,,,,,,,,,,Маатсеті,Uông Quyên
m_name.makha.1082,Таурисра,Taurisra,,Taurisra,,,,,,,,,,,,Таурісра,Uông Hưng
m_name.makha.1083,Рахефер,Rakhefer,,Rakhefer,,,,,,,,,,,,Рахефер,Uông Sơn
m_name.makha.1084,Хепутах,Heputakh,,Heputakh,,,,,,,,,,,,Гепута,Uông Quyết
m_name.makha.1085,Амонмес,Amonmes,,Amonmes,,,,,,,,,,,,Амонмес,Uông Khoa
m_name.makha.1086,Сетнубис,Setnubis,,Setnubis,,,,,,,,,,,,Сетнубіс,Uông Đạt
m_name.makha.1087,Рахотам,Rahotam,,Rahotam,,,,,,,,,,,,Рахотам,Uông Tiến
m_name.makha.1088,Менмаатр,Menmaatr,,Menmaatr,,,,,,,,,,,,Менмаатр,Uông Hòa
m_name.makha.1089,Птахотеп,Ptahotep,,Ptahotep,,,,,,,,,,,,Птахотеп,Uông Thịnh
m_name.makha.1090,Тутнубис,Tutnubis,,Tutnubis,,,,,,,,,,,,Тутнубіс,Uông Mạnh
m_name.makha.1091,Осирхот,Osirkhot,,Osirkhot,,,,,,,,,,,,Озірхот,Uông Quyên
m_name.makha.1092,Неферамон,Neferamon,,Neferamon,,,,,,,,,,,,Неферамон,Uông Luân
m_name.makha.1093,Атенраш,Atenrash,,Atenrash,,,,,,,,,,,,Атенраш,Uông Đăng
m_name.makha.1094,Мериптах,Meriptakh,,Meriptakh,,,,,,,,,,,,Меріптах,Uông Phúc
m_name.makha.1095,Таурисет,Tauriset,,Tauriset,,,,,,,,,,,,Таурісет,Uông Quyết
m_name.makha.1096,Рамоамон,Ramoamon,,Ramoamon,,,,,,,,,,,,Рамомон,Uông Sơn
m_name.makha.1097,Хепурах,Hepurakh,,Hepurakh,,,,,,,,,,,,Непурах,Uông Tiến
m_name.makha.1098,Сенптах,Senptakh,,Senptakh,,,,,,,,,,,,Сенптах,Uông Hưng
m_name.makha.1099,Осиртеп,Osirtep,,Osirtep,,,,,,,,,,,,Озіртеп,Uông Tài
m_name.makha.1100,Ранубхор,Ranubkhor,,Ranubkhor,,,,,,,,,,,,Ранубхор,Uông Quyên
m_name.makha.1101,Амонхотеп,Amonkhotep,,Amonkhotep,,,,,,,,,,,,Амонхотеп,Uông Đạt
m_name.makha.1102,Сетрахор,Setrakhor,,Setrakhor,,,,,,,,,,,,Сетрахор,Uông Thịnh
m_name.makha.1103,Мернубис,Mernubis,,Mernubis,,,,,,,,,,,,Мернубіс,Uông Mạnh
m_name.makha.1104,Тутрамон,Tutramon,,Tutramon,,,,,,,,,,,,Тутрамон,Uông Khoa
m_name.makha.1105,Хепамон,Hepamon,,Hepamon,,,,,,,,,,,,Хепамон,Uông Quyết
m_name.makha.1106,Небмес,Nebmes,,Nebmes,,,,,,,,,,,,Небмес,Uông Sơn
m_name.makha.1107,Атенхор,Atenkhor,,Atenkhor,,,,,,,,,,,,Атенхор,Uông Tiến
m_name.makha.1108,Птахрамс,Ptahrams,,Ptahrams,,,,,,,,,,,,Птарамс,Uông Phúc
m_name.makha.1109,Рамсосир,Ramsosir,,Ramsosir,,,,,,,,,,,,Рамзосір,Uông Luân
m_name.makha.1110,Неферра,Neferra,,Neferra,,,,,,,,,,,,Нефера,Uông Đăng
m_name.makha.1111,Менамон,Menamon,,Menamon,,,,,,,,,,,,Менамон,Uông Quyên
m_name.makha.1112,Тутсети,Tutseti,,Tutseti,,,,,,,,,,,,Тутсеті,Uông Hòa
m_name.makha.1113,Сетиамон,Setiamon,,Setiamon,,,,,,,,,,,,Сетімон,Uông Thịnh
m_name.makha.1114,Рахептах,Rakheptakh,,Rakheptakh,,,,,,,,,,,,Рахептах,Vinh Minh
m_name.makha.1115,Осирмаат,Osirmaat,,Osirmaat,,,,,,,,,,,,Озірмат,Vượng Đạt
m_name.makha.1116,Хорраш,Khorrash,,Khorrash,,,,,,,,,,,,Хорраш,Vinh Quyết
m_name.makha.1117,Меренра,Merenra,,Merenra,,,,,,,,,,,,Меренра,Vượng Tiến
m_name.makha.1118,Птахамон,Ptahamon,,Ptahamon,,,,,,,,,,,,Птахамон,Vinh Sơn
m_name.makha.1119,Рахортеп,Rakhortep,,Rakhortep,,,,,,,,,,,,Рахортеп,Vượng Tài
m_name.makha.1120,Сенраш,Senrash,,Senrash,,,,,,,,,,,,Сенраш,Vinh Quyên
m_name.makha.1121,Нефертут,Nefertut,,Nefertut,,,,,,,,,,,,Нефертут,Vượng Đăng
m_name.makha.1122,Осирхеп,Osirkhep,,Osirkhep,,,,,,,,,,,,Озірхеп,Vinh Luân
m_name.makha.1123,Амонрет,Amonret,,Amonret,,,,,,,,,,,,Амонрет,Vượng Hòa
m_name.makha.1124,Рамсмаат,Ramsmaat,,Ramsmaat,,,,,,,,,,,,Рамсмаат,Vinh Tài
m_name.makha.1125,Таураш,Taurash,,Taurash,,,,,,,,,,,,Таураш,Vượng Mạnh
m_name.makha.1126,Хепора,Hephora,,Hephora,,,,,,,,,,,,Гефора,Vinh Hưng
m_name.makha.1127,Менптах,Menptakh,,Menptakh,,,,,,,,,,,,Менптах,Vượng Thịnh
m_name.makha.1128,Сетамонра,Setamonra,,Setamonra,,,,,,,,,,,,Сетамонра,Vinh Phúc
m_name.makha.1129,Тутхеп,Tutkhep,,Tutkhep,,,,,,,,,,,,Тутхеп,Vượng Quyết
m_name.makha.1130,Осирра,Osirra,,Osirra,,,,,,,,,,,,Озірра,Vinh Tùng
m_name.makha.1131,Ранубра,Ranubra,,Ranubra,,,,,,,,,,,,Ранубра,Vượng Sơn
m_name.makha.1132,Хортеп,Khortep,,Khortep,,,,,,,,,,,,Хортеп,Vinh An
m_name.makha.1133,Атенхеп,Atenkhep,,Atenkhep,,,,,,,,,,,,Атенхеп,Vượng Quyên
m_name.makha.1134,Мерамон,Meramon,,Meramon,,,,,,,,,,,,Мерамон,Vinh Khoa
m_name.makha.1135,Сенрахор,Senrakhor,,Senrakhor,,,,,,,,,,,,Сенрахор,Vượng Đạt
m_name.makha.1136,Рамсетра,Ramsetra,,Ramsetra,,,,,,,,,,,,Рамсетра,Vinh Luân
m_name.makha.1137,Неферам,Neferam,,Neferam,,,,,,,,,,,,Неферам,Vượng Tài
m_name.makha.1138,Осирнуб,Osirnub,,Osirnub,,,,,,,,,,,,Озірнуб,Vinh Quyết
m_name.makha.1139,Птахтут,Ptahut,,Ptahut,,,,,,,,,,,,Птахут,Vượng Hòa
m_name.makha.1140,Хепатон,Hepaton,,Hepaton,,,,,,,,,,,,Гепатон,Vinh Mạnh
m_name.makha.1141,Амоносир,Amonosir,,Amonosir,,,,,,,,,,,,Амоносір,Vượng Phúc
m_name.makha.1142,Рамосет,Ramoset,,Ramoset,,,,,,,,,,,,Рамосет,Vinh Quyên
m_name.makha.1143,Тутосир,Tutosir,,Tutosir,,,,,,,,,,,,Тутозір,Vượng Sơn
m_name.makha.1144,Мерптах,Merptakh,,Merptakh,,,,,,,,,,,,Мерптах,Vinh Đăng
m_name.makha.1145,Сетосир,Setosir,,Setosir,,,,,,,,,,,,Сетозір,Vượng Luân
m_name.makha.1146,Рахмаат,Rakhmaat,,Rakhmaat,,,,,,,,,,,,Рахмаат,Vinh Quyết
m_name.makha.1147,Осиратон,Osiraton,,Osiraton,,,,,,,,,,,,Озіратон,Vượng Tài
m_name.makha.1148,Хорнеб,Khorneb,,Khorneb,,,,,,,,,,,,Хорнеб,Vinh Thịnh
m_name.makha.1149,Таурет,Tauret,,Tauret,,,,,,,,,,,,Таурет,Vượng Khoa
m_name.makha.1150,Атенра,Atenra,,Atenra,,,,,,,,,,,,Атенра,Vinh Quyên
m_name.makha.1151,Ранебос,Ranebos,,Ranebos,,,,,,,,,,,,Ранебос,Vượng Đạt
m_name.makha.1152,Небхеп,Nebkhep,,Nebkhep,,,,,,,,,,,,Небхеп,Vinh Mạnh
m_name.makha.1153,Мертут,Mertut,,Mertut,,,,,,,,,,,,Мертут,Vượng Tiến
m_name.makha.1154,Птахра,Ptahra,,Ptahra,,,,,,,,,,,,Птахра,Vinh Sơn
m_name.makha.1155,Тутрах,Tutrakh,,Tutrakh,,,,,,,,,,,,Татрух,Vượng Quyết
m_name.makha.1156,Осиртон,Osirton,,Osirton,,,,,,,,,,,,Озіртон,Vinh Đăng
m_name.makha.1157,Нефернуб,Nefernub,,Nefernub,,,,,,,,,,,,Нефернуб,Vượng Tài
m_name.makha.1158,Рамра,Ramra,,Ramra,,,,,,,,,,,,Рамра,Vinh Quyên
m_name.makha.1159,Хорамон,Khormon,,Khormon,,,,,,,,,,,,Хормон,Vượng Hòa
m_name.makha.1160,Менраш,Menrash,,Menrash,,,,,,,,,,,,Менраш,Vinh Luân
m_name.makha.1161,Сетнеб,Setneb,,Setneb,,,,,,,,,,,,Сетнеб,Vượng Mạnh
m_name.makha.1162,Атенам,Atenam,,Atenam,,,,,,,,,,,,Атенам,Vinh Thịnh
m_name.makha.1163,Птахтон,Ptakhton,,Ptakhton,,,,,,,,,,,,Птахтон,Vượng Quyết
m_name.makha.1164,Тутосе,Tutoshe,,Tutoshe,,,,,,,,,,,,Тутош,Vinh Đạt
m_name.makha.1165,Амтенра,Amtenra,,Amtenra,,,,,,,,,,,,Амтенра,Vượng Quyên
m_name.makha.1166,Сефмонет,Sefmonet,,Sefmonet,,,,,,,,,,,,Сефмонет,Vinh Tùng
m_name.makha.1167,Хепраптах,Hepaphtakh,,Hepaphtakh,,,,,,,,,,,,Гепаптах,Vượng Sơn
m_name.makha.1168,Ратумсен,Ratumsen,,Ratumsen,,,,,,,,,,,,Ратумсен,Vinh An
m_name.makha.1169,Нефертум,Nefertum,,Nefertum,,,,,,,,,,,,Нефертум,Vượng Hòa
m_name.makha.1170,Осирмон,Osirmon,,Osirmon,,,,,,,,,,,,Озірмон,Vinh Luân
m_name.makha.1171,Птахсен,Ptakhsen,,Ptakhsen,,,,,,,,,,,,Птахсен,Vượng Thịnh
m_name.makha.1172,Тутхепра,Tutkhepra,,Tutkhepra,,,,,,,,,,,,Тутхепра,Vinh Tài
m_name.makha.1173,Сетраптах,Setaphtakh,,Setaphtakh,,,,,,,,,,,,Сетаптах,Vượng Đăng
m_name.makha.1174,Хорнебра,Khornebra,,Khornebra,,,,,,,,,,,,Хорнебра,Xuân Minh
m_name.makha.1175,Мертумра,Mertumra,,Mertumra,,,,,,,,,,,,Мертумра,Xanh Quyết
m_name.makha.1176,Расефра,Rasefra,,Rasefra,,,,,,,,,,,,Расефра,Xuân Đạt
m_name.makha.1177,Хепсенра,Hepsenra,,Hepsenra,,,,,,,,,,,,Гепсенра,Xanh Vinh
m_name.makha.1178,Оснептах,Osnephtakh,,Osnephtakh,,,,,,,,,,,,Ознептах,Xuân Tài
m_name.makha.1179,Небортеп,Nebortep,,Nebortep,,,,,,,,,,,,Небортеп,Xanh Đăng
m_name.makha.1180,Рамутнуб,Ramutnub,,Ramutnub,,,,,,,,,,,,Рамутнуб,Xuân Quyên
m_name.makha.1181,Птахтумра,Ptakhtumra,,Ptakhtumra,,,,,,,,,,,,Птахтумра,Xanh Tiến
m_name.makha.1182,Сетптанеб,Setptaneb,,Setptaneb,,,,,,,,,,,,Септанеб,Xuân Sơn
m_name.makha.1183,Амумсеп,Amumsep,,Amumsep,,,,,,,,,,,,Амумсеп,Xanh Quyết
m_name.makha.1184,Тутсефра,Tutsefra,,Tutsefra,,,,,,,,,,,,Тутсефра,Xuân Mạnh
m_name.makha.1185,Осирхор,Osirkhor,,Osirkhor,,,,,,,,,,,,Озірхор,Xanh Hòa
m_name.makha.1186,Хорнетум,Khornetum,,Khornetum,,,,,,,,,,,,Хорнетум,Xuân Luân
m_name.makha.1187,Небрамон,Nebramon,,Nebramon,,,,,,,,,,,,Небрамон,Xanh Thịnh
m_name.makha.1188,Ратумсеп,Ratums,,Ratums,,,,,,,,,,,,Ратумс,Xuân Phúc
m_name.makha.1189,Хепорнеб,Heborn,,Heborn,,,,,,,,,,,,Геборн,Xanh Tùng
m_name.makha.1190,Амтепсен,Amtepsen,,Amtepsen,,,,,,,,,,,,Амтепсен,Xuân Đạt
m_name.makha.1191,Сетумра,Setumra,,Setumra,,,,,,,,,,,,Сетумра,Xanh Quyên
m_name.makha.1192,Птахорсен,Ptakhorsen,,Ptakhorsen,,,,,,,,,,,,Птахорсен,Xuân Hưng
m_name.makha.1193,Хоррамон,Khormon,,Khormon,,,,,,,,,,,,Хормон,Xanh Khoa
m_name.makha.1194,Оснепра,Osnepra,,Osnepra,,,,,,,,,,,,Ознепра,Xuân Tài
m_name.makha.1195,Ранубтеп,Ranubtep,,Ranubtep,,,,,,,,,,,,Ранубтеп,Xanh Quyết
m_name.makha.1196,Хепсетра,Hepsetra,,Hepsetra,,,,,,,,,,,,Хепсетра,Xuân Đăng
m_name.makha.1197,Амраор,Amraor,,Amraor,,,,,,,,,,,,Амраор,Xanh Sơn
m_name.makha.1198,Тутраосир,Tutraosir,,Tutraosir,,,,,,,,,,,,Тутраозір,Xuân Mạnh
m_name.makha.1199,Сеторхеп,Setorkhep,,Setorkhep,,,,,,,,,,,,Сеторхеп,Xanh Tiến
m_name.makha.1200,Птахсенра,Ptakhsenra,,Ptakhsenra,,,,,,,,,,,,Птахсенра,Xuân Quyên
m_name.makha.1201,Небтеум,Nebteum,,Nebteum,,,,,,,,,,,,Небтум,Xanh Hòa
m_name.makha.1202,Раамтум,Raamtum,,Raamtum,,,,,,,,,,,,Раамтум,Xuân Luân
m_name.makha.1203,Хорсепра,Khorsepra,,Khorsepra,,,,,,,,,,,,Хорсепра,Xanh Tùng
m_name.makha.1204,Осиртепра,Osirtep,,Osirtep,,,,,,,,,,,,Озіртеп,Xuân Quyết
m_name.makha.1205,Амптахсен,Amptakhsen,,Amptakhsen,,,,,,,,,,,,Амптахсен,Xanh Phúc
m_name.makha.1206,Туторнеб,Tutorneb,,Tutorneb,,,,,,,,,,,,Туторнеб,Xuân Đạt
m_name.makha.1207,Сетраор,Setraor,,Setraor,,,,,,,,,,,,Сетраор,Xanh Quyên
m_name.makha.1208,Хепамтен,Hepamten,,Hepamten,,,,,,,,,,,,Гепамтен,Xuân Thịnh
m_name.makha.1209,Ранетум,Ranetum,,Ranetum,,,,,,,,,,,,Ранетум,Xanh Tài
m_name.makha.1210,Птахортеп,Ptakhortep,,Ptakhortep,,,,,,,,,,,,Птахортеп,Xuân Sơn
m_name.makha.1211,Оснепра,Osnep,,Osnep,,,,,,,,,,,,Ознеп,Xanh Đăng
m_name.makha.1212,Тутнебра,Tutnebra,,Tutnebra,,,,,,,,,,,,Тутнебра,Xuân Quyết
m_name.makha.1213,Небрасен,Nebrase,,Nebrase,,,,,,,,,,,,Небразе,Xanh Luân
m_name.makha.1214,Хортумнеп,Khortum,,Khortum,,,,,,,,,,,,Хортум,Yên Minh
m_name.makha.1215,Амраор,Amraor,,Amraor,,,,,,,,,,,,Амрор,Yến Đạt
m_name.makha.1216,Сетнубра,Setnubra,,Setnubra,,,,,,,,,,,,Сетнубра,Yên Quyết
m_name.makha.1217,Ратепсен,Ratepsen,,Ratepsen,,,,,,,,,,,,Ратепсен,Yến Tiến
m_name.makha.1218,Хепсетум,Hepsetum,,Hepsetum,,,,,,,,,,,,Гепсетум,Yên Vinh
m_name.makha.1219,Осортеп,Osortep,,Osortep,,,,,,,,,,,,Озортеп,Yến Hòa
m_name.makha.1220,Птахсеннеб,Ptakhsen,,Ptakhsen,,,,,,,,,,,,Птахсен,Yên Tài
m_name.makha.1221,Тутрамон,Tutramon,,Tutramon,,,,,,,,,,,,Тутрамон,Yến Luân
m_name.makha.1222,Хоррасен,Khorr,,Khorr,,,,,,,,,,,,Кхорр,Yên Quyên
m_name.makha.1223,Ратумнеб,Ratumn,,Ratumn,,,,,,,,,,,,Ратумн,Yến Sơn
m_name.makha.1224,Сетптахор,Setptakhor,,Setptakhor,,,,,,,,,,,,Септахор,Yên Đăng
m_name.makha.1225,Осиртум,Osirtum,,Osirtum,,,,,,,,,,,,Озіртум,Yến Phúc
m_name.makha.1226,Амнепра,Amnepra,,Amnepra,,,,,,,,,,,,Амнепра,Yên Hưng
m_name.makha.1227,Хепрануб,Hepranub,,Hepranub,,,,,,,,,,,,Гепрануб,Yến Mạnh
m_name.makha.1228,Раортеп,Raortep,,Raortep,,,,,,,,,,,,Раортеп,Yên Thịnh
m_name.makha.1229,Тутхепра,Tutkhepra,,Tutkhepra,,,,,,,,,,,,Тутхепра,Yến Tùng
m_name.makha.1230,Птахраор,Ptakhraor,,Ptakhraor,,,,,,,,,,,,Птахрор,Yên Quyết
m_name.makha.1231,Сетптахсен,Setptaksen,,Setptaksen,,,,,,,,,,,,Сетптахсен,Yến Khoa
m_name.makha.1232,Хортумра,Khortumra,,Khortumra,,,,,,,,,,,,Хортумра,Yên An
m_name.makha.1233,Оснубра,Osnubra,,Osnubra,,,,,,,,,,,,Ознубра,Yến Tiến
m_name.makha.1234,Расенра,Rase,,Rase,,,,,,,,,,,,Разе,Yên Tài
m_name.makha.1235,Небраам,Nebram,,Nebram,,,,,,,,,,,,Небрам,Yến Quyên
m_name.makha.1236,Хепортум,Hepor,,Hepor,,,,,,,,,,,,Гепор,Yên Hòa
m_name.makha.1237,Тутрахор,Tutrakhor,,Tutrakhor,,,,,,,,,,,,Тутрахор,Yến Đạt
m_name.makha.1238,Аморнеп,Amornep,,Amornep,,,,,,,,,,,,Аморнеп,Yên Mạnh
m_name.makha.1239,Сеторра,Setorra,,Setorra,,,,,,,,,,,,Сетора,Yến Luân
m_name.makha.1240,Ратепнуб,Ratepnub,,Ratepnub,,,,,,,,,,,,Ратепнуб,Yên Quyết
m_name.makha.1241,Птахсенра,Ptakhsenra,,Ptakhsenra,,,,,,,,,,,,Птахсенра,Yến Phúc
m_name.makha.1242,Осиртеп,Osirtep,,Osirtep,,,,,,,,,,,,Озіртеп,Yên Sơn
m_name.makha.1243,Хортумра,Khortumra,,Khortumra,,,,,,,,,,,,Хортумра,Yến Tùng
m_name.makha.1244,Небрасеп,Nebrasep,,Nebrasep,,,,,,,,,,,,Небрасеп,Yên Đăng
m_name.makha.1245,Раортеп,Raortep,,Raortep,,,,,,,,,,,,Раортеп,Yến Quyên
m_name.makha.1246,Амтумсен,Amtumsen,,Amtumsen,,,,,,,,,,,,Амтумсен,Yên Hưng
m_name.makha.1247,Сетраор,Setraor,,Setraor,,,,,,,,,,,,Сетраор,Yến Thịnh
m_name.makha.1248,Птахнебра,Ptakhneb,,Ptakhneb,,,,,,,,,,,,Птахнеб,Yên Tiến
m_name.makha.1249,Осирнеп,Osirnep,,Osirnep,,,,,,,,,,,,Озірнеп,Yến Khoa
m_name.makha.1250,Хепрасен,Heprasen,,Heprasen,,,,,,,,,,,,Гепрасен,Yên Quyết
m_name.makha.1251,Тутрамон,Tutramon,,Tutramon,,,,,,,,,,,,Тутрамон,Yến Mạnh
m_name.makha.1252,Ратумра,Ratumra,,Ratumra,,,,,,,,,,,,Ратумра,Yên Hòa
m_name.makha.1253,Сетптах,Setptakh,,Setptakh,,,,,,,,,,,,Септах,Yến Tài
m_name.makha.1254,Хоррасеп,Khorr,,Khorr,,,,,,,,,,,,Кхорр,Yên Quyên
m_name.makha.1255,Оснепра,Osnep,,Osnep,,,,,,,,,,,,Ознеп,Yến Đạt
m_name.makha.1256,Амтумор,Amtumor,,Amtumor,,,,,,,,,,,,Амтумор,Yên Sơn
m_name.makha.1257,Небрасен,Nebrase,,Nebrase,,,,,,,,,,,,Небразе,Yên Mạnh
m_name.makha.1258,Расенра,Rase,,Rase,,,,,,,,,,,,Разе,Yên Hòa
m_name.makha.1259,Сетрахор,Setrakhor,,Setrakhor,,,,,,,,,,,,Сетрахор,Yến Khoa
m_name.makha.1260,Птахсепра,Ptakhsep,,Ptakhsep,,,,,,,,,,,,Птахсеп,Yên Quyết
m_name.makha.1261,Тутнебра,Tutnebra,,Tutnebra,,,,,,,,,,,,Тутнебра,Yên Thịnh
m_name.makha.1262,Хепратум,Hepratum,,Hepratum,,,,,,,,,,,,Гепратум,Yên Sơn
m_name.makha.1263,Осортеп,Osor,,Osor,,,,,,,,,,,,Озор,Yến Tùng
m_name.makha.1264,Амтепсен,Amtepsen,,Amtepsen,,,,,,,,,,,,Амтепен,Yến Yến